"","GAUL","YearInfected"
"1",6890,NA
"2",7793,NA
"3",11076,NA
"4",11224,NA
"5",9371,NA
"6",10601,NA
"7",7132,NA
"8",6922,NA
"9",9892,NA
"10",6782,NA
"11",10910,NA
"12",9496,1997
"13",11636,NA
"14",7361,NA
"15",9184,NA
"16",8164,NA
"17",8188,NA
"18",9522,NA
"19",9297,NA
"20",9257,NA
"21",9269,NA
"22",10747,NA
"23",6773,NA
"24",7089,NA
"25",11445,NA
"26",7916,NA
"27",9376,NA
"28",11539,NA
"29",11113,NA
"30",8245,NA
"31",10972,NA
"32",11567,1998
"33",8478,NA
"34",10436,NA
"35",10066,NA
"36",10114,NA
"37",10265,NA
"38",7531,NA
"39",8997,2001
"40",6559,NA
"41",7703,NA
"42",7726,NA
"43",6626,NA
"44",9518,NA
"45",7237,NA
"46",8263,NA
"47",7689,NA
"48",8998,2001
"49",8427,NA
"50",10951,NA
"51",7046,NA
"52",6689,NA
"53",10888,NA
"54",11326,NA
"55",6651,NA
"56",7894,NA
"57",7855,NA
"58",10140,NA
"59",10719,NA
"60",10294,NA
"61",11517,NA
"62",7192,NA
"63",9675,NA
"64",8139,NA
"65",11497,NA
"66",8387,NA
"67",9272,NA
"68",9659,NA
"69",8040,NA
"70",9162,NA
"71",6710,NA
"72",7295,NA
"73",9703,NA
"74",8338,NA
"75",9520,NA
"76",8858,NA
"77",8573,NA
"78",10088,NA
"79",7164,NA
"80",10448,NA
"81",7282,NA
"82",10765,NA
"83",9483,NA
"84",7454,NA
"85",7968,NA
"86",7814,NA
"87",8280,NA
"88",11022,NA
"89",11697,NA
"90",9406,NA
"91",7620,NA
"92",9387,NA
"93",8443,NA
"94",11591,NA
"95",6373,NA
"96",6467,NA
"97",10038,1999
"98",6612,NA
"99",11091,NA
"100",8185,2001
"101",8592,NA
"102",8732,NA
"103",8201,NA
"104",7025,NA
"105",6855,NA
"106",7465,NA
"107",7891,NA
"108",7139,NA
"109",7903,NA
"110",8844,NA
"111",6449,NA
"112",7926,NA
"113",7749,NA
"114",7781,NA
"115",7864,NA
"116",8257,1998
"117",10754,NA
"118",8791,NA
"119",11166,NA
"120",9705,NA
"121",9989,NA
"122",9110,NA
"123",7309,NA
"124",7187,NA
"125",11815,NA
"126",6780,NA
"127",8252,NA
"128",9764,NA
"129",9724,NA
"130",7395,NA
"131",7398,NA
"132",7733,NA
"133",8949,NA
"134",6431,NA
"135",7906,NA
"136",9882,NA
"137",10590,NA
"138",9152,NA
"139",10558,NA
"140",11696,NA
"141",10476,NA
"142",7137,NA
"143",6967,NA
"144",9247,NA
"145",8523,NA
"146",9861,NA
"147",9710,2001
"148",7200,1997
"149",7835,NA
"150",6714,NA
"151",8407,NA
"152",11370,NA
"153",8862,NA
"154",7536,NA
"155",10444,NA
"156",8312,2001
"157",11181,NA
"158",7153,NA
"159",11635,NA
"160",8021,NA
"161",9094,NA
"162",10107,1998
"163",8401,NA
"164",6385,NA
"165",8918,2001
"166",7203,NA
"167",10781,NA
"168",8218,NA
"169",10037,1999
"170",7964,NA
"171",11761,NA
"172",11404,NA
"173",10952,NA
"174",6948,1999
"175",7041,1998
"176",10452,NA
"177",10209,NA
"178",9383,NA
"179",11388,NA
"180",7634,NA
"181",7570,NA
"182",7795,NA
"183",8081,NA
"184",9813,2001
"185",11272,NA
"186",6422,NA
"187",9979,NA
"188",10816,NA
"189",9396,NA
"190",11184,1998
"191",10838,NA
"192",7614,NA
"193",9753,NA
"194",6818,NA
"195",11160,NA
"196",10033,NA
"197",6952,NA
"198",10299,NA
"199",6379,NA
"200",9424,NA
"201",9722,NA
"202",7836,NA
"203",7897,NA
"204",9149,NA
"205",11710,NA
"206",10589,NA
"207",10533,NA
"208",11825,NA
"209",9755,NA
"210",7487,1994
"211",9070,2001
"212",8826,NA
"213",8823,1999
"214",7214,NA
"215",9603,2000
"216",10256,NA
"217",10655,NA
"218",10150,NA
"219",6348,NA
"220",7647,NA
"221",11431,NA
"222",8043,NA
"223",9248,NA
"224",7748,NA
"225",9600,1998
"226",11456,NA
"227",7043,NA
"228",6709,NA
"229",8895,2000
"230",9564,2001
"231",11223,1997
"232",11439,NA
"233",8910,NA
"234",10611,NA
"235",7791,NA
"236",7100,NA
"237",11137,NA
"238",9098,NA
"239",10126,NA
"240",6988,NA
"241",9960,NA
"242",8172,1999
"243",10562,NA
"244",10237,NA
"245",9900,NA
"246",8935,1997
"247",10366,NA
"248",6513,NA
"249",9927,1997
"250",11352,NA
"251",9420,NA
"252",7371,NA
"253",7387,NA
"254",9443,NA
"255",9911,NA
"256",8373,NA
"257",9840,NA
"258",9625,NA
"259",6776,NA
"260",8260,NA
"261",9114,NA
"262",10671,NA
"263",9361,NA
"264",7356,NA
"265",6515,2001
"266",8513,NA
"267",11586,NA
"268",9857,NA
"269",8379,NA
"270",10483,NA
"271",6417,NA
"272",6761,NA
"273",9226,NA
"274",10991,NA
"275",11525,NA
"276",9393,NA
"277",9472,NA
"278",10296,NA
"279",8737,NA
"280",7060,NA
"281",8409,NA
"282",11589,NA
"283",9512,NA
"284",8346,NA
"285",10082,2001
"286",11716,NA
"287",11651,NA
"288",8717,1992
"289",10261,NA
"290",10087,NA
"291",9860,NA
"292",11394,NA
"293",10202,NA
"294",10795,NA
"295",9434,NA
"296",6523,NA
"297",9309,NA
"298",10969,NA
"299",9506,NA
"300",7923,NA
"301",9608,NA
"302",10421,NA
"303",7081,NA
"304",9476,NA
"305",10870,NA
"306",7535,NA
"307",10362,NA
"308",8665,NA
"309",8690,NA
"310",11671,NA
"311",8945,1995
"312",11270,NA
"313",8089,NA
"314",8008,1997
"315",9470,NA
"316",9601,2001
"317",10633,NA
"318",7823,NA
"319",8757,NA
"320",8975,2001
"321",8213,NA
"322",9888,NA
"323",11354,NA
"324",9462,NA
"325",8080,NA
"326",9036,NA
"327",8950,2000
"328",11533,NA
"329",8691,2001
"330",6571,NA
"331",9038,NA
"332",9951,NA
"333",9044,NA
"334",9516,NA
"335",8750,NA
"336",9237,NA
"337",6641,NA
"338",10738,NA
"339",7618,NA
"340",9528,NA
"341",11835,NA
"342",10634,NA
"343",8143,NA
"344",10543,NA
"345",9250,NA
"346",11694,NA
"347",6577,NA
"348",11746,NA
"349",6636,NA
"350",10015,1997
"351",9312,NA
"352",8074,NA
"353",6604,NA
"354",9632,NA
"355",11613,NA
"356",11309,NA
"357",7773,NA
"358",7802,NA
"359",9567,1998
"360",10135,NA
"361",8980,2000
"362",7091,NA
"363",9728,NA
"364",10081,1997
"365",6501,NA
"366",7099,2000
"367",7304,NA
"368",6333,NA
"369",9727,NA
"370",10449,NA
"371",9310,NA
"372",7204,1997
"373",9082,2001
"374",10582,NA
"375",8197,NA
"376",7571,NA
"377",7890,NA
"378",6839,NA
"379",10160,NA
"380",10104,NA
"381",7127,NA
"382",7247,NA
"383",9580,NA
"384",7080,NA
"385",8202,NA
"386",7775,NA
"387",10744,NA
"388",11322,1998
"389",8292,NA
"390",10251,NA
"391",10186,NA
"392",10225,NA
"393",9410,NA
"394",9692,NA
"395",7982,NA
"396",11839,NA
"397",11089,NA
"398",11760,NA
"399",6669,NA
"400",10581,NA
"401",7109,NA
"402",9915,NA
"403",6463,NA
"404",11505,NA
"405",7401,NA
"406",8342,NA
"407",9335,NA
"408",11042,NA
"409",10624,NA
"410",10193,NA
"411",7740,NA
"412",10541,NA
"413",11795,NA
"414",10043,NA
"415",11820,NA
"416",8915,2000
"417",7935,NA
"418",10464,NA
"419",8485,NA
"420",10185,NA
"421",10949,NA
"422",7780,NA
"423",11817,NA
"424",8519,NA
"425",8167,NA
"426",8941,2001
"427",6731,NA
"428",7636,NA
"429",8232,NA
"430",10422,NA
"431",6635,NA
"432",10341,NA
"433",11206,NA
"434",6399,NA
"435",6349,NA
"436",11151,NA
"437",11226,NA
"438",11438,NA
"439",6526,NA
"440",7478,NA
"441",10205,NA
"442",8437,1997
"443",11748,NA
"444",11785,NA
"445",9752,NA
"446",6644,NA
"447",11079,NA
"448",11509,NA
"449",7210,NA
"450",10963,NA
"451",9233,NA
"452",9835,NA
"453",9992,2001
"454",8175,1998
"455",8622,NA
"456",8352,NA
"457",6678,NA
"458",8490,NA
"459",11449,NA
"460",6838,NA
"461",9131,NA
"462",10591,NA
"463",9227,NA
"464",6695,NA
"465",7852,NA
"466",8400,NA
"467",6650,NA
"468",6741,NA
"469",6844,NA
"470",11398,NA
"471",9680,NA
"472",11362,NA
"473",9145,NA
"474",11390,NA
"475",7003,1996
"476",10564,NA
"477",11395,NA
"478",9872,NA
"479",6420,NA
"480",10154,NA
"481",10453,NA
"482",7755,NA
"483",10985,NA
"484",9615,NA
"485",7974,NA
"486",7735,NA
"487",10647,NA
"488",7014,NA
"489",8362,NA
"490",7336,NA
"491",8365,NA
"492",11590,NA
"493",11230,NA
"494",7725,NA
"495",8183,NA
"496",9075,NA
"497",11056,NA
"498",11253,NA
"499",8226,NA
"500",7135,NA
"501",7876,NA
"502",10664,NA
"503",6713,NA
"504",10902,NA
"505",10612,NA
"506",6408,NA
"507",8037,NA
"508",8571,NA
"509",9026,NA
"510",7699,NA
"511",9072,NA
"512",6532,NA
"513",9731,NA
"514",7567,NA
"515",7610,NA
"516",6880,NA
"517",11299,NA
"518",6830,NA
"519",7223,NA
"520",10545,NA
"521",11261,NA
"522",11538,NA
"523",9742,NA
"524",11285,NA
"525",11078,NA
"526",8730,NA
"527",11777,NA
"528",10497,NA
"529",6872,NA
"530",7676,NA
"531",9546,1997
"532",9924,2000
"533",6978,NA
"534",6466,NA
"535",10860,NA
"536",7083,NA
"537",10263,NA
"538",8402,NA
"539",11786,NA
"540",9808,NA
"541",11150,NA
"542",10809,NA
"543",10168,NA
"544",6983,NA
"545",10526,NA
"546",7915,NA
"547",9399,NA
"548",6611,NA
"549",10077,NA
"550",8599,NA
"551",9360,NA
"552",9382,NA
"553",9170,NA
"554",6879,NA
"555",8003,NA
"556",10794,NA
"557",8793,NA
"558",9293,NA
"559",10133,NA
"560",7702,NA
"561",6939,NA
"562",6500,1997
"563",8446,NA
"564",10220,NA
"565",6949,NA
"566",8817,NA
"567",10677,NA
"568",9913,NA
"569",6489,NA
"570",8834,NA
"571",9956,NA
"572",9492,NA
"573",10654,NA
"574",6954,NA
"575",10542,NA
"576",7786,NA
"577",7433,NA
"578",9331,NA
"579",11255,NA
"580",10003,NA
"581",9002,2000
"582",7707,NA
"583",7460,NA
"584",7591,NA
"585",8907,2001
"586",6617,NA
"587",8577,NA
"588",7365,NA
"589",11551,NA
"590",6445,NA
"591",11773,NA
"592",7419,NA
"593",8968,1996
"594",11752,NA
"595",7555,NA
"596",8149,1994
"597",11454,NA
"598",9468,NA
"599",6372,NA
"600",8194,NA
"601",9661,NA
"602",6584,NA
"603",9561,NA
"604",6802,NA
"605",8811,NA
"606",7428,NA
"607",8046,NA
"608",11747,NA
"609",11221,NA
"610",11730,NA
"611",7271,NA
"612",7096,NA
"613",6464,NA
"614",11593,NA
"615",9207,NA
"616",9799,1999
"617",9740,NA
"618",11204,NA
"619",11142,NA
"620",8671,NA
"621",11288,NA
"622",9318,NA
"623",7136,NA
"624",9858,NA
"625",11473,NA
"626",9408,NA
"627",7329,NA
"628",6863,NA
"629",8360,NA
"630",7408,NA
"631",9431,NA
"632",8978,NA
"633",7834,NA
"634",6841,NA
"635",7723,NA
"636",7851,NA
"637",7250,NA
"638",10580,NA
"639",6991,1995
"640",10101,NA
"641",8217,NA
"642",7624,1997
"643",11781,NA
"644",7737,NA
"645",9778,NA
"646",10119,2001
"647",8901,1996
"648",6339,NA
"649",6340,NA
"650",8385,NA
"651",10923,NA
"652",6734,NA
"653",10090,2001
"654",8395,NA
"655",9466,NA
"656",10045,NA
"657",9529,NA
"658",8288,NA
"659",7585,1996
"660",10652,NA
"661",9758,NA
"662",8806,NA
"663",8685,NA
"664",6618,NA
"665",10807,NA
"666",7965,NA
"667",8675,NA
"668",6367,NA
"669",9539,1998
"670",6619,NA
"671",7432,NA
"672",7133,NA
"673",6814,NA
"674",7423,NA
"675",9800,NA
"676",11465,NA
"677",6717,NA
"678",7310,NA
"679",6563,NA
"680",11765,NA
"681",6529,NA
"682",6598,NA
"683",10705,NA
"684",9763,NA
"685",6754,NA
"686",8606,NA
"687",8151,NA
"688",8356,NA
"689",6976,NA
"690",6721,NA
"691",6530,NA
"692",9792,NA
"693",8113,NA
"694",11243,NA
"695",7388,NA
"696",6703,NA
"697",9016,2000
"698",7977,1994
"699",6569,NA
"700",9445,NA
"701",9169,NA
"702",7943,NA
"703",11324,NA
"704",7246,NA
"705",7457,NA
"706",8972,NA
"707",8248,1999
"708",11735,NA
"709",8608,NA
"710",8094,NA
"711",8727,NA
"712",11353,1997
"713",9290,NA
"714",7008,NA
"715",8582,NA
"716",11584,NA
"717",7754,NA
"718",11190,NA
"719",7978,1998
"720",8476,NA
"721",8696,NA
"722",6870,NA
"723",9347,NA
"724",10529,NA
"725",6586,NA
"726",7561,NA
"727",8275,NA
"728",10597,NA
"729",8028,NA
"730",7653,NA
"731",10468,NA
"732",6935,NA
"733",10267,NA
"734",11414,NA
"735",7875,NA
"736",10674,NA
"737",8001,NA
"738",9012,1995
"739",10879,NA
"740",8537,NA
"741",8672,NA
"742",6443,NA
"743",9167,NA
"744",9228,NA
"745",9037,2001
"746",7241,NA
"747",6452,NA
"748",9106,NA
"749",8843,NA
"750",8524,NA
"751",7670,NA
"752",7351,NA
"753",11460,NA
"754",9743,NA
"755",10170,NA
"756",9532,1998
"757",9557,1999
"758",9642,NA
"759",7778,NA
"760",10858,NA
"761",11594,NA
"762",7202,NA
"763",11556,NA
"764",10876,NA
"765",9418,NA
"766",11758,NA
"767",7887,NA
"768",10334,NA
"769",9554,1999
"770",11189,NA
"771",6376,2001
"772",10456,NA
"773",8221,NA
"774",9765,NA
"775",7507,1999
"776",9906,NA
"777",6347,NA
"778",9853,NA
"779",8749,NA
"780",8583,NA
"781",11492,NA
"782",7848,NA
"783",8879,NA
"784",9805,NA
"785",7771,NA
"786",9477,NA
"787",8216,NA
"788",10345,NA
"789",10112,1999
"790",7599,NA
"791",9775,NA
"792",9954,NA
"793",10141,NA
"794",6471,NA
"795",11144,NA
"796",7275,NA
"797",10919,NA
"798",9734,NA
"799",6454,NA
"800",9230,NA
"801",8934,2001
"802",9111,NA
"803",6944,NA
"804",11624,NA
"805",11457,NA
"806",8249,NA
"807",9491,NA
"808",10482,NA
"809",9657,NA
"810",11205,NA
"811",10012,1998
"812",9076,1994
"813",8601,NA
"814",6784,NA
"815",8517,NA
"816",9972,NA
"817",9389,NA
"818",6827,NA
"819",6795,NA
"820",10373,NA
"821",10786,NA
"822",8085,1992
"823",10412,NA
"824",8860,NA
"825",7176,NA
"826",7368,NA
"827",10153,NA
"828",10853,NA
"829",9022,NA
"830",10079,NA
"831",8297,NA
"832",8733,NA
"833",6398,NA
"834",8482,NA
"835",9003,NA
"836",7517,NA
"837",9708,NA
"838",8562,NA
"839",9161,NA
"840",10662,NA
"841",10327,NA
"842",11330,NA
"843",7803,NA
"844",11470,NA
"845",8403,NA
"846",8864,NA
"847",9346,NA
"848",7878,NA
"849",9102,NA
"850",11083,NA
"851",11491,NA
"852",9359,NA
"853",10014,1998
"854",8461,NA
"855",11312,1998
"856",11630,NA
"857",9414,NA
"858",11342,NA
"859",10750,NA
"860",6574,NA
"861",8710,NA
"862",9320,NA
"863",7193,NA
"864",7244,NA
"865",10046,2000
"866",10363,NA
"867",7274,NA
"868",8026,NA
"869",8363,NA
"870",9333,NA
"871",7556,NA
"872",8258,NA
"873",8865,NA
"874",7390,NA
"875",8797,NA
"876",9542,NA
"877",8264,NA
"878",10893,NA
"879",9524,1997
"880",6418,NA
"881",11126,NA
"882",7152,NA
"883",11311,NA
"884",9926,2001
"885",11476,NA
"886",6672,NA
"887",11152,NA
"888",11448,NA
"889",10016,NA
"890",10473,NA
"891",9925,NA
"892",7589,NA
"893",9461,NA
"894",6938,NA
"895",9777,NA
"896",11267,NA
"897",8658,NA
"898",8068,NA
"899",7092,NA
"900",7957,NA
"901",8321,NA
"902",11386,NA
"903",8808,NA
"904",9448,NA
"905",10638,NA
"906",7762,NA
"907",11315,1998
"908",11417,NA
"909",7030,NA
"910",11049,NA
"911",10039,NA
"912",9854,NA
"913",9785,NA
"914",10544,NA
"915",11664,NA
"916",10233,NA
"917",6509,1997
"918",9683,NA
"919",8570,NA
"920",7622,NA
"921",7630,NA
"922",7885,1994
"923",10215,NA
"924",8019,NA
"925",10325,NA
"926",9626,NA
"927",8515,NA
"928",9447,NA
"929",10546,NA
"930",8450,NA
"931",9128,NA
"932",11744,NA
"933",8319,NA
"934",10342,NA
"935",11778,NA
"936",10236,NA
"937",7168,NA
"938",6786,NA
"939",11452,NA
"940",9500,1999
"941",9718,NA
"942",7896,NA
"943",6894,NA
"944",10364,NA
"945",11563,NA
"946",7717,NA
"947",11712,NA
"948",9308,NA
"949",11130,NA
"950",9842,NA
"951",7316,NA
"952",8077,NA
"953",9267,NA
"954",8474,1998
"955",6568,NA
"956",9787,NA
"957",11371,NA
"958",11644,NA
"959",7297,NA
"960",10332,NA
"961",10613,NA
"962",9935,NA
"963",10337,NA
"964",7064,2001
"965",11459,NA
"966",10218,NA
"967",6435,NA
"968",9582,NA
"969",8137,NA
"970",7695,NA
"971",11560,NA
"972",7809,NA
"973",9268,NA
"974",9932,NA
"975",8751,NA
"976",9672,1998
"977",10678,NA
"978",8158,NA
"979",7899,NA
"980",8906,1998
"981",8638,NA
"982",8908,1993
"983",11269,NA
"984",8090,NA
"985",7559,NA
"986",10277,NA
"987",11724,NA
"988",10552,NA
"989",10835,NA
"990",7769,NA
"991",10142,1999
"992",8985,2001
"993",8344,NA
"994",7287,NA
"995",10089,NA
"996",6981,NA
"997",10323,NA
"998",9326,NA
"999",8807,NA
"1000",8621,NA
"1001",11572,NA
"1002",6655,NA
"1003",6809,NA
"1004",8322,NA
"1005",9521,NA
"1006",6570,NA
"1007",8048,NA
"1008",9146,NA
"1009",10387,NA
"1010",8328,NA
"1011",8836,NA
"1012",10639,NA
"1013",9624,1999
"1014",7277,NA
"1015",8825,NA
"1016",10035,NA
"1017",6852,NA
"1018",7617,NA
"1019",7098,2001
"1020",9730,NA
"1021",7269,NA
"1022",8014,NA
"1023",10842,NA
"1024",10534,NA
"1025",7948,NA
"1026",10911,NA
"1027",9089,NA
"1028",6645,NA
"1029",11239,NA
"1030",10372,NA
"1031",11609,NA
"1032",6615,NA
"1033",10302,NA
"1034",9507,NA
"1035",8119,NA
"1036",11598,NA
"1037",11782,NA
"1038",10828,NA
"1039",9845,1999
"1040",6897,NA
"1041",6846,NA
"1042",9678,NA
"1043",7742,NA
"1044",8790,NA
"1045",8705,NA
"1046",6351,NA
"1047",9980,NA
"1048",10583,NA
"1049",9648,NA
"1050",10377,NA
"1051",7566,NA
"1052",11640,NA
"1053",7095,NA
"1054",10308,NA
"1055",11131,NA
"1056",9251,NA
"1057",10030,2001
"1058",8773,NA
"1059",8522,NA
"1060",10049,NA
"1061",8898,2001
"1062",11403,NA
"1063",9540,NA
"1064",7821,NA
"1065",8460,NA
"1066",9116,NA
"1067",9011,1996
"1068",9891,NA
"1069",6334,NA
"1070",8551,NA
"1071",11019,NA
"1072",6943,NA
"1073",7619,NA
"1074",11474,NA
"1075",8628,NA
"1076",9186,NA
"1077",10148,NA
"1078",9100,NA
"1079",7264,NA
"1080",11177,NA
"1081",9754,NA
"1082",8285,1995
"1083",8147,NA
"1084",7738,NA
"1085",8389,NA
"1086",9001,2000
"1087",8117,NA
"1088",8974,NA
"1089",9824,NA
"1090",9459,NA
"1091",9287,NA
"1092",6961,NA
"1093",8332,NA
"1094",10275,NA
"1095",7981,NA
"1096",7840,NA
"1097",11687,NA
"1098",7324,NA
"1099",10811,NA
"1100",10511,NA
"1101",8435,NA
"1102",8928,2000
"1103",9042,2000
"1104",7597,NA
"1105",11228,NA
"1106",8943,NA
"1107",10841,NA
"1108",11066,NA
"1109",11581,NA
"1110",7932,NA
"1111",11740,NA
"1112",8881,2001
"1113",6745,NA
"1114",6632,NA
"1115",7122,NA
"1116",10257,NA
"1117",8377,1992
"1118",9436,NA
"1119",7912,NA
"1120",7992,NA
"1121",9103,NA
"1122",8454,NA
"1123",8416,NA
"1124",7453,NA
"1125",9198,NA
"1126",7156,NA
"1127",9010,1999
"1128",10295,NA
"1129",11115,1998
"1130",9881,NA
"1131",11419,NA
"1132",9265,NA
"1133",8193,NA
"1134",10019,1996
"1135",7739,NA
"1136",7593,NA
"1137",10376,NA
"1138",10907,NA
"1139",10768,NA
"1140",10905,NA
"1141",10383,NA
"1142",8327,NA
"1143",7391,NA
"1144",6391,2001
"1145",6468,NA
"1146",6396,NA
"1147",11245,NA
"1148",8092,NA
"1149",10667,NA
"1150",9993,1999
"1151",9674,NA
"1152",8534,NA
"1153",6587,NA
"1154",7783,NA
"1155",9080,1993
"1156",7516,NA
"1157",10322,NA
"1158",11582,NA
"1159",11690,NA
"1160",9027,2001
"1161",10653,NA
"1162",7194,NA
"1163",11209,NA
"1164",10102,1999
"1165",9340,NA
"1166",6488,NA
"1167",7161,NA
"1168",8827,NA
"1169",10230,NA
"1170",11025,1998
"1171",9030,1990
"1172",6520,NA
"1173",9536,2000
"1174",9178,NA
"1175",6868,2001
"1176",8958,1996
"1177",11111,NA
"1178",8809,NA
"1179",10143,NA
"1180",8406,NA
"1181",10157,NA
"1182",9612,NA
"1183",11461,NA
"1184",9744,NA
"1185",9994,NA
"1186",10091,NA
"1187",7947,NA
"1188",9801,NA
"1189",7828,NA
"1190",8899,2001
"1191",8132,NA
"1192",9485,NA
"1193",9644,2000
"1194",8045,NA
"1195",11678,NA
"1196",11276,NA
"1197",7625,1996
"1198",11721,NA
"1199",10964,NA
"1200",7327,NA
"1201",11477,NA
"1202",7872,NA
"1203",11055,NA
"1204",10472,NA
"1205",9154,NA
"1206",7373,NA
"1207",9594,NA
"1208",7458,NA
"1209",11116,NA
"1210",7521,NA
"1211",8006,NA
"1212",7673,NA
"1213",11041,1997
"1214",8765,NA
"1215",10496,NA
"1216",8056,2000
"1217",8497,NA
"1218",7716,NA
"1219",10368,NA
"1220",9650,1998
"1221",10708,NA
"1222",6987,NA
"1223",9501,NA
"1224",11277,NA
"1225",9709,NA
"1226",9534,NA
"1227",9090,NA
"1228",10326,NA
"1229",7496,NA
"1230",11793,NA
"1231",11704,NA
"1232",9316,NA
"1233",9242,NA
"1234",11772,NA
"1235",11376,1998
"1236",6771,NA
"1237",8481,1994
"1238",9746,NA
"1239",10787,NA
"1240",8219,NA
"1241",8699,NA
"1242",10554,NA
"1243",7518,NA
"1244",8746,NA
"1245",9793,NA
"1246",8273,1992
"1247",11833,NA
"1248",9623,1998
"1249",8626,NA
"1250",11500,NA
"1251",9177,NA
"1252",10344,NA
"1253",7596,NA
"1254",9388,NA
"1255",9023,2001
"1256",7216,NA
"1257",10993,NA
"1258",11333,NA
"1259",10650,NA
"1260",7607,NA
"1261",6414,NA
"1262",11528,NA
"1263",11796,NA
"1264",11140,NA
"1265",6472,NA
"1266",7259,NA
"1267",7718,NA
"1268",8614,NA
"1269",11597,NA
"1270",7377,NA
"1271",6647,NA
"1272",9275,NA
"1273",10569,NA
"1274",10520,NA
"1275",8146,2001
"1276",6517,NA
"1277",10494,NA
"1278",8055,NA
"1279",11129,1995
"1280",10440,NA
"1281",11194,NA
"1282",9790,NA
"1283",11217,NA
"1284",7959,NA
"1285",7479,NA
"1286",6603,NA
"1287",11464,NA
"1288",6560,NA
"1289",6411,NA
"1290",10814,NA
"1291",11378,NA
"1292",9421,NA
"1293",6403,NA
"1294",8024,NA
"1295",9933,1989
"1296",11219,NA
"1297",6728,NA
"1298",11619,NA
"1299",7427,2000
"1300",7495,NA
"1301",11418,NA
"1302",11238,NA
"1303",7843,NA
"1304",11090,NA
"1305",9206,NA
"1306",8670,NA
"1307",6996,1997
"1308",8892,NA
"1309",8588,NA
"1310",6575,NA
"1311",10804,NA
"1312",7552,NA
"1313",9135,NA
"1314",8546,NA
"1315",6842,2001
"1316",11751,NA
"1317",10847,NA
"1318",11502,NA
"1319",8731,NA
"1320",7659,NA
"1321",11096,NA
"1322",10523,NA
"1323",7088,NA
"1324",10194,NA
"1325",7606,NA
"1326",11570,NA
"1327",11802,NA
"1328",9856,NA
"1329",6512,NA
"1330",9314,NA
"1331",10896,NA
"1332",10743,NA
"1333",10199,NA
"1334",7040,NA
"1335",7431,NA
"1336",11345,1997
"1337",8433,NA
"1338",10427,NA
"1339",6965,1996
"1340",9941,1989
"1341",10229,NA
"1342",7144,NA
"1343",11153,NA
"1344",8459,NA
"1345",9263,NA
"1346",9828,NA
"1347",11225,NA
"1348",10210,NA
"1349",10411,NA
"1350",11355,NA
"1351",6453,NA
"1352",10232,NA
"1353",6968,NA
"1354",10178,NA
"1355",7442,NA
"1356",8251,NA
"1357",10682,NA
"1358",6971,1994
"1359",9558,NA
"1360",11496,NA
"1361",7679,NA
"1362",8982,NA
"1363",8508,NA
"1364",10763,NA
"1365",6739,NA
"1366",9205,NA
"1367",9721,NA
"1368",6861,NA
"1369",9981,NA
"1370",9463,NA
"1371",9738,NA
"1372",10752,NA
"1373",7816,NA
"1374",8066,NA
"1375",8463,NA
"1376",8692,NA
"1377",6592,NA
"1378",8969,1999
"1379",7772,NA
"1380",10125,1997
"1381",10559,NA
"1382",10131,NA
"1383",11621,NA
"1384",9519,1997
"1385",11314,NA
"1386",9151,NA
"1387",7339,NA
"1388",8247,1993
"1389",9101,NA
"1390",7910,NA
"1391",6815,NA
"1392",7986,NA
"1393",10873,NA
"1394",11347,1998
"1395",6833,NA
"1396",8970,NA
"1397",8171,NA
"1398",11771,NA
"1399",10212,NA
"1400",11620,NA
"1401",10386,NA
"1402",9987,2000
"1403",11532,NA
"1404",9299,NA
"1405",9691,NA
"1406",9581,1999
"1407",10922,NA
"1408",7996,NA
"1409",7776,NA
"1410",7952,NA
"1411",10390,NA
"1412",9104,NA
"1413",6729,NA
"1414",9607,NA
"1415",7151,NA
"1416",7815,NA
"1417",9391,NA
"1418",7411,NA
"1419",11046,NA
"1420",8371,NA
"1421",9776,NA
"1422",8295,NA
"1423",10378,NA
"1424",8237,NA
"1425",9137,NA
"1426",11222,NA
"1427",7024,2001
"1428",10489,NA
"1429",9977,NA
"1430",10429,NA
"1431",8629,NA
"1432",7648,NA
"1433",7856,NA
"1434",6927,NA
"1435",11034,NA
"1436",7774,NA
"1437",8211,NA
"1438",8795,NA
"1439",10950,NA
"1440",11401,1998
"1441",9974,NA
"1442",10174,NA
"1443",8311,NA
"1444",8124,NA
"1445",8242,NA
"1446",10495,NA
"1447",8572,NA
"1448",7157,NA
"1449",9592,NA
"1450",6392,NA
"1451",9087,2001
"1452",8786,NA
"1453",7126,NA
"1454",9779,NA
"1455",11471,NA
"1456",7252,NA
"1457",9019,1991
"1458",8557,2000
"1459",10790,NA
"1460",9660,1996
"1461",11719,NA
"1462",7936,NA
"1463",7701,NA
"1464",7520,NA
"1465",8031,NA
"1466",11110,NA
"1467",7812,NA
"1468",9024,2000
"1469",8874,NA
"1470",6767,NA
"1471",7513,NA
"1472",7104,NA
"1473",11784,NA
"1474",8549,NA
"1475",8648,NA
"1476",8020,1996
"1477",6540,NA
"1478",6661,NA
"1479",7358,NA
"1480",8799,NA
"1481",9505,NA
"1482",10085,NA
"1483",10852,NA
"1484",8766,NA
"1485",6829,NA
"1486",9029,2001
"1487",11308,NA
"1488",8684,NA
"1489",11638,2000
"1490",7178,NA
"1491",7073,NA
"1492",10753,NA
"1493",10167,NA
"1494",7646,1997
"1495",8200,1999
"1496",10926,NA
"1497",6524,NA
"1498",11548,NA
"1499",11063,NA
"1500",11149,NA
"1501",8378,NA
"1502",9583,NA
"1503",8852,NA
"1504",8351,NA
"1505",9118,NA
"1506",8131,NA
"1507",11646,NA
"1508",9413,NA
"1509",7542,NA
"1510",8769,NA
"1511",8239,NA
"1512",8855,NA
"1513",8531,NA
"1514",10053,NA
"1515",7106,NA
"1516",7455,NA
"1517",8236,NA
"1518",7000,NA
"1519",10833,NA
"1520",9786,NA
"1521",8919,NA
"1522",8140,NA
"1523",7928,NA
"1524",9422,NA
"1525",11069,NA
"1526",9682,NA
"1527",8612,NA
"1528",9633,NA
"1529",7320,NA
"1530",9091,NA
"1531",6425,NA
"1532",7972,NA
"1533",7138,NA
"1534",9903,NA
"1535",10956,NA
"1536",11027,NA
"1537",8023,NA
"1538",8676,NA
"1539",9555,NA
"1540",8774,NA
"1541",8484,NA
"1542",11478,NA
"1543",8917,1995
"1544",10878,NA
"1545",9379,NA
"1546",6706,NA
"1547",11830,NA
"1548",11369,NA
"1549",9489,1999
"1550",9141,NA
"1551",8109,NA
"1552",8819,NA
"1553",6712,NA
"1554",7574,NA
"1555",9079,2001
"1556",8724,NA
"1557",7225,NA
"1558",11837,NA
"1559",9525,NA
"1560",10113,NA
"1561",8376,NA
"1562",10430,NA
"1563",7933,NA
"1564",8591,NA
"1565",7173,NA
"1566",9367,NA
"1567",10365,NA
"1568",9020,1996
"1569",9878,NA
"1570",10881,NA
"1571",9862,NA
"1572",10941,NA
"1573",11407,NA
"1574",11214,NA
"1575",7330,NA
"1576",8821,NA
"1577",11232,NA
"1578",7180,NA
"1579",11805,NA
"1580",8072,NA
"1581",10579,NA
"1582",6531,NA
"1583",8250,NA
"1584",10798,NA
"1585",7087,2001
"1586",7626,NA
"1587",8364,NA
"1588",8569,NA
"1589",8138,NA
"1590",8951,1994
"1591",9620,NA
"1592",10875,NA
"1593",6621,NA
"1594",10713,NA
"1595",8625,NA
"1596",8063,NA
"1597",9209,NA
"1598",11044,NA
"1599",9454,NA
"1600",8576,NA
"1601",10459,NA
"1602",9130,NA
"1603",7369,NA
"1604",11677,NA
"1605",9852,NA
"1606",10207,NA
"1607",8354,NA
"1608",7951,NA
"1609",11287,NA
"1610",7191,NA
"1611",7179,NA
"1612",7384,NA
"1613",9685,NA
"1614",8847,NA
"1615",11569,NA
"1616",7265,NA
"1617",7712,NA
"1618",10938,NA
"1619",10998,NA
"1620",11045,NA
"1621",11501,NA
"1622",10086,NA
"1623",8768,NA
"1624",7396,NA
"1625",10439,NA
"1626",6484,NA
"1627",10730,NA
"1628",8284,1997
"1629",9739,NA
"1630",11639,1997
"1631",11562,NA
"1632",11550,1994
"1633",10867,NA
"1634",8112,NA
"1635",8091,NA
"1636",6457,NA
"1637",9574,2000
"1638",7557,2000
"1639",6610,NA
"1640",9719,NA
"1641",7222,NA
"1642",8367,NA
"1643",8772,NA
"1644",10701,NA
"1645",10462,NA
"1646",9759,NA
"1647",8058,NA
"1648",7462,NA
"1649",8458,NA
"1650",10535,NA
"1651",10124,1999
"1652",6820,NA
"1653",8552,NA
"1654",10258,NA
"1655",11808,NA
"1656",6437,NA
"1657",8837,NA
"1658",9240,NA
"1659",8438,NA
"1660",10405,NA
"1661",8619,NA
"1662",10312,NA
"1663",11094,NA
"1664",9768,NA
"1665",7638,NA
"1666",7502,NA
"1667",7782,NA
"1668",10292,NA
"1669",8850,NA
"1670",7393,NA
"1671",10806,NA
"1672",10928,NA
"1673",10848,NA
"1674",6597,NA
"1675",11840,NA
"1676",11065,NA
"1677",11250,NA
"1678",6902,NA
"1679",7134,NA
"1680",8574,NA
"1681",9329,NA
"1682",9236,NA
"1683",10755,NA
"1684",7186,NA
"1685",7886,NA
"1686",8314,NA
"1687",7437,NA
"1688",8421,NA
"1689",10802,NA
"1690",9502,NA
"1691",9467,NA
"1692",11485,NA
"1693",9606,NA
"1694",7414,NA
"1695",7922,1999
"1696",9947,NA
"1697",10595,NA
"1698",9058,2001
"1699",11248,NA
"1700",10279,NA
"1701",7110,NA
"1702",6919,NA
"1703",7529,1997
"1704",8181,NA
"1705",6390,NA
"1706",6455,NA
"1707",7021,1999
"1708",9851,NA
"1709",7348,NA
"1710",9173,NA
"1711",9277,NA
"1712",7874,NA
"1713",10092,NA
"1714",10333,NA
"1715",7416,NA
"1716",7958,NA
"1717",9702,NA
"1718",7213,NA
"1719",11162,NA
"1720",10336,NA
"1721",10832,NA
"1722",9784,2000
"1723",7209,NA
"1724",10335,NA
"1725",9535,2000
"1726",11361,NA
"1727",8178,NA
"1728",7562,NA
"1729",10486,NA
"1730",7155,NA
"1731",6681,NA
"1732",11197,NA
"1733",6697,NA
"1734",6788,NA
"1735",6797,NA
"1736",9107,NA
"1737",8719,NA
"1738",9826,NA
"1739",7506,NA
"1740",10110,NA
"1741",7413,NA
"1742",7093,NA
"1743",7207,1996
"1744",10778,NA
"1745",8873,NA
"1746",6423,NA
"1747",10706,NA
"1748",6533,NA
"1749",7240,NA
"1750",9817,NA
"1751",7404,NA
"1752",8150,NA
"1753",10527,NA
"1754",7920,NA
"1755",11384,NA
"1756",11506,NA
"1757",8152,NA
"1758",9276,NA
"1759",6704,NA
"1760",11524,NA
"1761",11811,NA
"1762",10641,NA
"1763",9479,NA
"1764",9876,1999
"1765",11127,NA
"1766",9493,1999
"1767",6873,NA
"1768",11480,NA
"1769",7639,NA
"1770",8044,1999
"1771",11662,NA
"1772",7002,NA
"1773",9323,NA
"1774",9246,NA
"1775",6613,NA
"1776",9097,NA
"1777",6469,NA
"1778",11669,NA
"1779",7942,NA
"1780",7582,1995
"1781",8703,NA
"1782",6413,NA
"1783",7492,NA
"1784",10863,NA
"1785",6819,NA
"1786",10481,NA
"1787",7575,NA
"1788",8372,NA
"1789",8159,NA
"1790",9814,NA
"1791",6834,NA
"1792",6415,NA
"1793",8792,NA
"1794",7346,NA
"1795",7938,NA
"1796",9761,NA
"1797",9306,NA
"1798",9629,NA
"1799",10918,NA
"1800",11374,NA
"1801",9208,NA
"1802",11133,NA
"1803",9035,2000
"1804",9456,NA
"1805",11659,NA
"1806",7829,NA
"1807",9821,NA
"1808",7671,NA
"1809",11410,NA
"1810",11174,NA
"1811",10195,NA
"1812",10869,NA
"1813",10152,NA
"1814",8543,NA
"1815",9579,NA
"1816",11656,NA
"1817",6719,NA
"1818",9655,NA
"1819",8341,NA
"1820",7379,NA
"1821",6506,NA
"1822",7385,NA
"1823",10937,NA
"1824",8695,2001
"1825",11072,NA
"1826",6940,NA
"1827",7011,NA
"1828",7806,NA
"1829",7467,NA
"1830",10020,NA
"1831",10885,NA
"1832",7654,NA
"1833",10021,NA
"1834",9147,NA
"1835",10048,2001
"1836",7879,NA
"1837",8381,1997
"1838",11023,NA
"1839",8713,NA
"1840",7578,NA
"1841",7881,NA
"1842",6451,NA
"1843",7219,NA
"1844",11842,NA
"1845",8339,NA
"1846",10446,NA
"1847",8736,NA
"1848",7905,NA
"1849",9543,NA
"1850",8088,NA
"1851",9551,1997
"1852",7362,NA
"1853",10047,1999
"1854",8637,NA
"1855",11801,NA
"1856",8963,2000
"1857",8640,NA
"1858",10995,NA
"1859",10330,NA
"1860",10670,NA
"1861",10121,2001
"1862",9714,NA
"1863",8334,NA
"1864",10749,NA
"1865",11413,NA
"1866",7484,NA
"1867",6746,NA
"1868",8100,NA
"1869",6683,NA
"1870",10573,NA
"1871",9288,NA
"1872",7937,NA
"1873",11627,NA
"1874",11723,NA
"1875",8931,NA
"1876",9968,NA
"1877",11154,NA
"1878",9181,NA
"1879",10403,NA
"1880",9074,2000
"1881",8062,NA
"1882",11468,NA
"1883",8782,NA
"1884",6895,NA
"1885",6444,NA
"1886",8568,NA
"1887",8620,NA
"1888",9549,1990
"1889",7985,NA
"1890",7880,NA
"1891",7116,1995
"1892",7016,NA
"1893",9798,NA
"1894",9614,NA
"1895",9423,NA
"1896",7475,NA
"1897",10353,NA
"1898",11385,NA
"1899",9212,NA
"1900",8069,NA
"1901",8308,NA
"1902",8411,NA
"1903",10070,NA
"1904",6912,NA
"1905",9120,NA
"1906",11745,NA
"1907",11451,NA
"1908",6853,NA
"1909",10767,NA
"1910",8299,NA
"1911",11366,NA
"1912",11806,NA
"1913",10247,NA
"1914",10887,NA
"1915",8027,NA
"1916",6738,NA
"1917",10165,NA
"1918",10618,NA
"1919",9156,NA
"1920",8212,NA
"1921",6947,NA
"1922",10822,NA
"1923",9570,NA
"1924",6565,NA
"1925",8535,NA
"1926",11673,NA
"1927",10156,NA
"1928",7604,NA
"1929",6803,NA
"1930",10900,NA
"1931",11125,NA
"1932",7530,1996
"1933",11515,NA
"1934",9364,NA
"1935",8976,NA
"1936",8940,2001
"1937",7613,NA
"1938",10665,NA
"1939",6363,NA
"1940",9635,2000
"1941",8233,NA
"1942",7558,NA
"1943",11794,NA
"1944",11141,NA
"1945",8706,NA
"1946",8455,NA
"1947",7545,NA
"1948",7062,1993
"1949",6760,NA
"1950",10331,NA
"1951",10864,NA
"1952",8764,2000
"1953",6772,NA
"1954",7858,NA
"1955",8451,NA
"1956",6412,NA
"1957",10000,NA
"1958",8103,NA
"1959",6936,NA
"1960",8087,NA
"1961",7962,NA
"1962",7421,NA
"1963",9503,NA
"1964",10006,NA
"1965",9729,NA
"1966",9046,NA
"1967",7724,NA
"1968",8609,NA
"1969",7231,NA
"1970",10796,NA
"1971",10789,NA
"1972",10057,2001
"1973",7838,NA
"1974",8687,NA
"1975",7565,1995
"1976",6699,NA
"1977",6774,NA
"1978",11421,NA
"1979",9204,NA
"1980",11822,NA
"1981",6547,NA
"1982",11383,NA
"1983",9289,NA
"1984",11537,1996
"1985",10063,NA
"1986",8650,NA
"1987",9415,NA
"1988",7020,NA
"1989",10171,NA
"1990",7142,NA
"1991",8398,1999
"1992",6460,NA
"1993",10685,NA
"1994",7354,NA
"1995",11192,1994
"1996",7056,NA
"1997",8105,NA
"1998",10306,NA
"1999",11763,NA
"2000",8633,NA
"2001",10271,NA
"2002",9780,NA
"2003",6594,NA
"2004",6375,NA
"2005",9584,NA
"2006",11387,NA
"2007",8944,2000
"2008",9677,NA
"2009",10521,NA
"2010",8038,NA
"2011",9063,NA
"2012",6527,NA
"2013",11774,NA
"2014",8163,NA
"2015",6963,NA
"2016",11348,1998
"2017",6344,NA
"2018",6798,NA
"2019",6982,NA
"2020",8279,NA
"2021",9871,NA
"2022",11236,NA
"2023",11661,NA
"2024",10812,NA
"2025",11246,NA
"2026",8345,NA
"2027",9028,NA
"2028",10243,NA
"2029",9504,NA
"2030",10774,NA
"2031",7430,NA
"2032",11553,NA
"2033",8127,NA
"2034",7260,NA
"2035",6405,NA
"2036",11682,NA
"2037",8336,NA
"2038",10868,NA
"2039",9617,1999
"2040",8075,NA
"2041",8420,NA
"2042",9305,NA
"2043",10375,NA
"2044",10289,NA
"2045",10791,NA
"2046",8708,NA
"2047",9830,1995
"2048",7461,NA
"2049",8472,NA
"2050",8993,2001
"2051",6370,NA
"2052",7677,NA
"2053",9794,NA
"2054",10347,NA
"2055",7048,2000
"2056",7849,NA
"2057",11031,1997
"2058",10305,NA
"2059",8636,NA
"2060",7569,NA
"2061",11279,NA
"2062",10413,NA
"2063",10538,NA
"2064",8866,NA
"2065",9451,NA
"2066",10695,NA
"2067",9694,NA
"2068",9894,2001
"2069",8214,NA
"2070",6631,NA
"2071",8983,2000
"2072",6779,NA
"2073",7360,NA
"2074",6637,NA
"2075",7347,NA
"2076",10234,NA
"2077",9216,NA
"2078",8720,NA
"2079",9836,NA
"2080",8496,NA
"2081",11819,NA
"2082",10984,NA
"2083",11441,NA
"2084",9061,1991
"2085",8893,2001
"2086",6542,NA
"2087",9385,NA
"2088",10201,NA
"2089",7045,1996
"2090",7824,NA
"2091",9631,1996
"2092",8414,NA
"2093",10514,NA
"2094",10585,NA
"2095",7389,NA
"2096",11170,NA
"2097",8498,NA
"2098",6960,NA
"2099",6607,NA
"2100",8035,NA
"2101",11013,NA
"2102",11618,NA
"2103",7544,1996
"2104",8555,NA
"2105",9619,NA
"2106",9965,NA
"2107",8473,NA
"2108",7201,NA
"2109",11176,NA
"2110",10605,NA
"2111",10071,NA
"2112",11487,NA
"2113",10398,NA
"2114",7609,NA
"2115",11289,NA
"2116",7863,NA
"2117",10389,NA
"2118",11050,NA
"2119",11453,NA
"2120",6519,NA
"2121",8136,NA
"2122",9452,NA
"2123",7642,NA
"2124",10827,NA
"2125",8567,NA
"2126",10992,NA
"2127",10917,NA
"2128",9696,NA
"2129",10726,NA
"2130",6628,NA
"2131",10813,NA
"2132",10498,NA
"2133",6856,NA
"2134",11522,NA
"2135",10788,NA
"2136",7415,NA
"2137",8712,NA
"2138",11319,NA
"2139",6389,NA
"2140",7221,NA
"2141",7678,NA
"2142",6381,NA
"2143",9031,1997
"2144",6640,NA
"2145",7674,NA
"2146",9430,NA
"2147",6758,NA
"2148",6502,NA
"2149",7120,NA
"2150",9455,NA
"2151",8111,NA
"2152",9054,1996
"2153",9384,NA
"2154",9971,NA
"2155",8076,NA
"2156",11009,NA
"2157",7198,NA
"2158",10886,NA
"2159",8220,NA
"2160",6854,NA
"2161",10117,NA
"2162",9041,NA
"2163",10621,NA
"2164",10557,NA
"2165",11489,NA
"2166",7498,NA
"2167",7808,NA
"2168",8053,NA
"2169",10371,NA
"2170",7035,NA
"2171",9998,NA
"2172",6623,NA
"2173",7039,NA
"2174",7727,NA
"2175",7645,NA
"2176",10002,NA
"2177",10134,NA
"2178",7641,1999
"2179",9616,NA
"2180",8932,2001
"2181",9112,NA
"2182",8358,NA
"2183",10009,1997
"2184",9630,NA
"2185",8728,NA
"2186",10649,NA
"2187",10499,NA
"2188",10615,NA
"2189",10239,NA
"2190",10759,NA
"2191",8222,NA
"2192",10825,NA
"2193",8486,NA
"2194",11260,NA
"2195",6341,NA
"2196",8507,NA
"2197",8050,NA
"2198",9908,2001
"2199",8841,NA
"2200",9231,NA
"2201",10644,NA
"2202",7248,NA
"2203",8857,NA
"2204",8682,NA
"2205",10635,NA
"2206",8509,NA
"2207",8419,NA
"2208",11227,NA
"2209",9982,NA
"2210",9953,NA
"2211",11455,NA
"2212",6674,NA
"2213",7553,1995
"2214",8479,NA
"2215",11611,NA
"2216",11606,NA
"2217",11203,1998
"2218",10339,NA
"2219",8492,NA
"2220",7444,NA
"2221",9961,1983
"2222",9919,1988
"2223",9400,NA
"2224",8125,NA
"2225",11727,NA
"2226",8155,NA
"2227",10739,NA
"2228",9562,NA
"2229",10912,NA
"2230",8532,1994
"2231",6792,NA
"2232",7551,NA
"2233",11305,NA
"2234",6810,NA
"2235",10392,NA
"2236",11244,NA
"2237",6882,NA
"2238",7525,NA
"2239",8655,1998
"2240",8324,NA
"2241",7573,NA
"2242",7058,NA
"2243",9577,NA
"2244",9896,2000
"2245",6679,NA
"2246",9662,1998
"2247",9004,2000
"2248",11715,NA
"2249",7523,NA
"2250",10419,NA
"2251",7637,NA
"2252",7751,NA
"2253",7666,NA
"2254",6926,NA
"2255",11566,NA
"2256",7494,NA
"2257",10137,NA
"2258",7700,NA
"2259",10144,2001
"2260",8340,NA
"2261",7721,NA
"2262",7515,NA
"2263",8506,NA
"2264",6491,NA
"2265",10259,NA
"2266",8885,2001
"2267",11085,NA
"2268",10224,NA
"2269",7705,NA
"2270",10676,NA
"2271",10301,NA
"2272",11521,NA
"2273",8093,1998
"2274",6510,NA
"2275",6682,NA
"2276",7105,1999
"2277",6680,NA
"2278",7483,NA
"2279",7189,NA
"2280",11523,1995
"2281",7323,NA
"2282",7629,NA
"2283",6516,NA
"2284",8848,NA
"2285",10189,NA
"2286",6859,NA
"2287",7183,NA
"2288",8471,NA
"2289",8203,NA
"2290",11813,NA
"2291",9940,NA
"2292",6744,NA
"2293",7539,NA
"2294",10217,NA
"2295",10607,NA
"2296",10249,NA
"2297",8399,NA
"2298",7392,NA
"2299",9873,NA
"2300",10159,NA
"2301",8440,NA
"2302",11412,NA
"2303",9571,2000
"2304",10455,NA
"2305",7053,NA
"2306",7857,NA
"2307",10013,NA
"2308",10553,NA
"2309",8464,NA
"2310",6492,NA
"2311",9245,NA
"2312",11807,NA
"2313",9669,1999
"2314",10477,NA
"2315",7033,NA
"2316",9450,NA
"2317",7115,NA
"2318",7220,NA
"2319",8000,1998
"2320",10183,NA
"2321",10720,NA
"2322",6630,NA
"2323",11641,NA
"2324",10978,NA
"2325",7195,NA
"2326",7352,NA
"2327",7810,NA
"2328",8742,NA
"2329",6716,NA
"2330",7477,NA
"2331",6836,NA
"2332",7302,NA
"2333",10177,NA
"2334",10400,NA
"2335",11161,NA
"2336",8141,NA
"2337",10608,NA
"2338",9473,NA
"2339",8616,NA
"2340",6986,NA
"2341",9345,NA
"2342",7145,2000
"2343",8738,NA
"2344",8392,NA
"2345",7918,NA
"2346",8180,NA
"2347",7907,1991
"2348",7970,NA
"2349",8268,NA
"2350",11081,NA
"2351",11422,NA
"2352",9877,NA
"2353",10250,NA
"2354",9816,NA
"2355",11367,NA
"2356",6660,NA
"2357",11733,NA
"2358",6511,NA
"2359",7486,NA
"2360",9963,1998
"2361",11356,NA
"2362",8005,NA
"2363",8587,NA
"2364",6550,NA
"2365",7949,NA
"2366",9034,2000
"2367",7436,2001
"2368",8176,NA
"2369",7924,NA
"2370",8032,NA
"2371",11770,NA
"2372",8071,NA
"2373",8098,NA
"2374",8617,NA
"2375",7124,NA
"2376",6343,NA
"2377",10629,NA
"2378",9005,NA
"2379",10036,NA
"2380",7546,NA
"2381",11100,NA
"2382",8740,2000
"2383",7512,NA
"2384",10609,NA
"2385",10895,NA
"2386",11278,NA
"2387",7572,NA
"2388",11159,NA
"2389",9986,1997
"2390",6812,NA
"2391",6433,NA
"2392",7217,NA
"2393",10123,1999
"2394",6384,NA
"2395",10540,NA
"2396",6973,NA
"2397",8501,NA
"2398",11302,NA
"2399",9866,NA
"2400",7526,1998
"2401",9129,NA
"2402",8563,NA
"2403",6934,NA
"2404",9433,NA
"2405",7833,NA
"2406",11475,2001
"2407",7768,NA
"2408",7441,NA
"2409",8029,2001
"2410",6878,NA
"2411",8960,2001
"2412",10942,NA
"2413",9735,NA
"2414",6753,NA
"2415",7469,NA
"2416",11612,NA
"2417",9224,NA
"2418",6860,NA
"2419",11191,NA
"2420",7256,NA
"2421",9109,NA
"2422",8770,NA
"2423",11380,NA
"2424",10227,NA
"2425",7125,NA
"2426",10586,NA
"2427",9327,NA
"2428",7286,NA
"2429",9377,NA
"2430",9928,NA
"2431",8674,NA
"2432",10968,NA
"2433",8422,NA
"2434",7129,NA
"2435",6447,NA
"2436",6896,NA
"2437",8303,NA
"2438",11541,NA
"2439",7550,NA
"2440",11037,NA
"2441",7690,NA
"2442",9018,2000
"2443",8511,NA
"2444",11400,NA
"2445",9271,NA
"2446",7581,NA
"2447",11290,NA
"2448",9449,NA
"2449",7319,NA
"2450",7188,NA
"2451",8897,1999
"2452",7103,NA
"2453",7284,NA
"2454",10434,NA
"2455",10921,NA
"2456",11668,NA
"2457",8680,NA
"2458",9707,NA
"2459",6602,NA
"2460",10180,NA
"2461",6352,NA
"2462",9609,NA
"2463",9235,NA
"2464",11097,NA
"2465",6525,NA
"2466",6787,NA
"2467",6505,NA
"2468",8293,NA
"2469",10973,NA
"2470",9725,NA
"2471",6959,1997
"2472",10741,NA
"2473",11544,NA
"2474",6629,NA
"2475",8651,NA
"2476",8867,2001
"2477",9887,NA
"2478",9855,NA
"2479",11446,NA
"2480",6768,NA
"2481",8545,NA
"2482",11080,NA
"2483",6805,NA
"2484",7867,NA
"2485",8441,NA
"2486",9611,NA
"2487",9053,NA
"2488",11343,NA
"2489",10041,NA
"2490",7934,NA
"2491",6394,NA
"2492",9905,1999
"2493",8134,NA
"2494",9923,1995
"2495",7305,NA
"2496",8393,NA
"2497",11015,NA
"2498",6662,NA
"2499",6561,NA
"2500",7741,NA
"2501",10191,NA
"2502",11258,NA
"2503",10643,NA
"2504",8121,NA
"2505",10663,NA
"2506",10115,2000
"2507",8541,NA
"2508",11466,NA
"2509",11604,1998
"2510",7273,NA
"2511",8967,2000
"2512",9646,1997
"2513",6825,NA
"2514",7342,NA
"2515",10943,NA
"2516",7621,NA
"2517",10884,NA
"2518",6849,NA
"2519",9560,NA
"2520",8853,NA
"2521",10829,NA
"2522",9962,NA
"2523",7822,NA
"2524",7746,NA
"2525",8804,NA
"2526",6490,NA
"2527",9142,NA
"2528",10050,NA
"2529",6723,NA
"2530",7050,1994
"2531",10118,1999
"2532",11430,NA
"2533",10970,NA
"2534",9975,NA
"2535",9789,NA
"2536",8990,1991
"2537",10510,NA
"2538",10954,NA
"2539",8767,NA
"2540",9144,NA
"2541",7889,NA
"2542",6336,NA
"2543",6461,NA
"2544",6862,NA
"2545",6507,NA
"2546",7963,NA
"2547",9281,NA
"2548",9618,1998
"2549",10803,NA
"2550",10715,NA
"2551",6822,NA
"2552",7357,NA
"2553",6656,NA
"2554",10382,NA
"2555",6620,NA
"2556",11247,NA
"2557",11488,NA
"2558",8604,NA
"2559",9222,NA
"2560",7328,NA
"2561",6956,NA
"2562",8190,NA
"2563",6544,NA
"2564",7079,NA
"2565",10132,NA
"2566",11755,NA
"2567",9213,NA
"2568",9553,NA
"2569",9970,NA
"2570",9527,1997
"2571",7086,NA
"2572",6735,NA
"2573",11666,NA
"2574",8320,NA
"2575",6616,NA
"2576",7865,NA
"2577",9984,NA
"2578",11683,NA
"2579",10660,NA
"2580",9283,NA
"2581",10500,NA
"2582",6549,NA
"2583",10761,NA
"2584",10631,NA
"2585",9273,NA
"2586",9478,NA
"2587",9697,NA
"2588",6843,NA
"2589",8916,2000
"2590",10415,NA
"2591",8156,NA
"2592",10059,NA
"2593",9602,NA
"2594",6493,NA
"2595",7450,NA
"2596",11561,NA
"2597",8107,NA
"2598",10219,NA
"2599",8170,NA
"2600",11087,NA
"2601",8432,NA
"2602",8981,NA
"2603",11625,1996
"2604",8986,1998
"2605",10740,NA
"2606",11060,NA
"2607",6658,NA
"2608",11249,NA
"2609",9039,NA
"2610",8516,NA
"2611",11467,NA
"2612",7649,NA
"2613",8905,NA
"2614",11006,NA
"2615",10397,NA
"2616",9810,NA
"2617",8375,NA
"2618",10244,NA
"2619",8361,NA
"2620",9032,2000
"2621",11555,NA
"2622",9402,NA
"2623",6858,NA
"2624",10502,NA
"2625",9864,NA
"2626",9723,NA
"2627",6808,NA
"2628",6916,NA
"2629",8015,NA
"2630",11722,NA
"2631",8937,NA
"2632",9164,NA
"2633",10988,NA
"2634",8924,1995
"2635",7344,NA
"2636",7813,NA
"2637",7206,NA
"2638",7499,NA
"2639",7652,NA
"2640",10979,NA
"2641",10164,NA
"2642",7285,NA
"2643",7635,NA
"2644",11108,NA
"2645",6847,NA
"2646",8290,NA
"2647",10959,NA
"2648",7650,1997
"2649",9849,NA
"2650",8039,NA
"2651",11622,NA
"2652",9313,NA
"2653",9575,NA
"2654",9846,NA
"2655",8494,NA
"2656",10593,NA
"2657",9143,NA
"2658",7375,NA
"2659",8894,2001
"2660",6904,NA
"2661",8605,NA
"2662",10381,NA
"2663",8663,NA
"2664",8759,NA
"2665",10395,NA
"2666",11408,NA
"2667",8643,NA
"2668",9720,NA
"2669",9605,NA
"2670",11647,NA
"2671",7420,NA
"2672",7893,NA
"2673",9426,NA
"2674",10669,NA
"2675",7407,NA
"2676",8662,NA
"2677",8207,NA
"2678",7987,NA
"2679",6807,NA
"2680",9158,NA
"2681",6874,NA
"2682",6368,2000
"2683",8166,NA
"2684",7883,NA
"2685",9307,NA
"2686",9760,NA
"2687",8818,NA
"2688",11546,NA
"2689",9404,NA
"2690",11297,NA
"2691",11038,NA
"2692",7185,NA
"2693",8666,NA
"2694",10447,NA
"2695",8318,NA
"2696",8803,NA
"2697",6470,NA
"2698",8499,NA
"2699",10484,NA
"2700",9159,NA
"2701",9796,NA
"2702",8913,1993
"2703",6545,NA
"2704",8452,NA
"2705",8875,NA
"2706",8261,NA
"2707",11301,NA
"2708",9270,NA
"2709",10525,NA
"2710",9741,NA
"2711",9772,NA
"2712",11265,NA
"2713",10442,NA
"2714",7054,1997
"2715",9475,NA
"2716",10729,NA
"2717",11329,1995
"2718",10528,NA
"2719",8780,NA
"2720",9458,NA
"2721",6732,NA
"2722",6358,NA
"2723",7892,NA
"2724",11513,NA
"2725",10288,NA
"2726",10818,NA
"2727",8925,1991
"2728",11655,NA
"2729",8611,NA
"2730",7708,NA
"2731",8133,NA
"2732",9587,NA
"2733",8739,NA
"2734",7449,NA
"2735",8265,NA
"2736",10742,NA
"2737",9544,1999
"2738",7736,NA
"2739",8989,1995
"2740",9899,NA
"2741",7759,NA
"2742",7683,NA
"2743",7804,NA
"2744",11699,NA
"2745",11359,NA
"2746",9628,NA
"2747",10187,NA
"2748",11518,NA
"2749",11262,NA
"2750",10340,NA
"2751",10799,NA
"2752",10457,NA
"2753",7097,NA
"2754",10958,NA
"2755",6430,NA
"2756",11420,NA
"2757",10349,NA
"2758",6752,NA
"2759",10982,NA
"2760",7108,NA
"2761",8814,NA
"2762",10268,NA
"2763",10445,NA
"2764",10760,NA
"2765",8721,2001
"2766",10278,NA
"2767",9865,NA
"2768",8487,NA
"2769",7281,NA
"2770",7820,NA
"2771",8343,NA
"2772",8177,NA
"2773",8502,NA
"2774",8550,NA
"2775",7994,NA
"2776",11529,NA
"2777",9769,NA
"2778",7076,NA
"2779",7540,NA
"2780",11428,NA
"2781",10999,NA
"2782",7456,NA
"2783",6799,NA
"2784",9182,NA
"2785",11331,NA
"2786",6590,NA
"2787",7491,NA
"2788",11726,NA
"2789",9934,NA
"2790",11426,1998
"2791",11545,NA
"2792",9859,NA
"2793",10206,NA
"2794",10563,NA
"2795",11552,NA
"2796",7605,NA
"2797",11602,1998
"2798",8223,NA
"2799",8300,NA
"2800",10757,NA
"2801",11508,NA
"2802",7509,NA
"2803",10226,NA
"2804",11173,NA
"2805",6424,NA
"2806",8305,NA
"2807",6441,NA
"2808",8042,NA
"2809",9807,NA
"2810",6652,NA
"2811",11365,NA
"2812",7067,NA
"2813",9191,NA
"2814",10076,1999
"2815",9879,NA
"2816",8349,1993
"2817",7028,NA
"2818",10438,NA
"2819",10636,NA
"2820",6748,NA
"2821",6514,NA
"2822",11335,NA
"2823",11493,NA
"2824",9295,NA
"2825",7071,NA
"2826",11039,NA
"2827",10722,NA
"2828",6657,NA
"2829",8581,NA
"2830",10221,NA
"2831",7501,NA
"2832",9726,NA
"2833",10762,NA
"2834",11033,1998
"2835",10319,NA
"2836",7160,NA
"2837",8010,NA
"2838",7921,NA
"2839",9055,NA
"2840",6485,2001
"2841",11791,NA
"2842",11059,NA
"2843",11363,1997
"2844",11663,NA
"2845",10222,NA
"2846",8144,NA
"2847",8408,NA
"2848",7710,NA
"2849",7463,1994
"2850",6921,NA
"2851",8726,NA
"2852",10745,NA
"2853",6567,NA
"2854",11234,NA
"2855",7070,NA
"2856",7049,NA
"2857",10095,NA
"2858",7370,NA
"2859",8714,NA
"2860",8386,NA
"2861",9568,NA
"2862",7684,NA
"2863",7493,NA
"2864",7290,NA
"2865",8966,2000
"2866",9480,NA
"2867",10454,NA
"2868",7359,NA
"2869",9328,NA
"2870",7960,NA
"2871",9996,NA
"2872",10032,NA
"2873",10374,NA
"2874",7731,NA
"2875",10491,NA
"2876",11211,NA
"2877",10961,NA
"2878",9200,NA
"2879",9733,NA
"2880",9185,NA
"2881",8425,NA
"2882",8272,NA
"2883",6395,NA
"2884",10518,NA
"2885",10775,NA
"2886",10466,NA
"2887",8095,NA
"2888",7661,NA
"2889",10898,NA
"2890",8187,NA
"2891",11074,NA
"2892",8160,NA
"2893",6364,NA
"2894",9627,NA
"2895",11098,NA
"2896",7313,NA
"2897",8059,NA
"2898",8669,NA
"2899",7826,NA
"2900",10971,NA
"2901",6970,NA
"2902",11559,1998
"2903",8477,NA
"2904",6765,NA
"2905",7664,NA
"2906",11701,NA
"2907",11718,NA
"2908",10155,NA
"2909",11134,NA
"2910",9282,NA
"2911",10129,NA
"2912",9885,NA
"2913",9050,NA
"2914",9704,NA
"2915",10777,NA
"2916",7162,NA
"2917",8656,NA
"2918",10889,NA
"2919",7418,NA
"2920",9823,NA
"2921",9997,NA
"2922",10681,NA
"2923",10645,NA
"2924",8630,NA
"2925",7753,NA
"2926",7147,2001
"2927",11725,NA
"2928",10417,NA
"2929",6439,NA
"2930",11573,NA
"2931",7946,NA
"2932",10830,NA
"2933",8722,2001
"2934",9088,2001
"2935",6764,NA
"2936",6479,NA
"2937",9874,NA
"2938",10737,NA
"2939",10084,2001
"2940",8644,NA
"2941",8933,2001
"2942",11577,NA
"2943",10173,NA
"2944",9166,NA
"2945",10784,NA
"2946",9599,1998
"2947",7163,NA
"2948",10817,NA
"2949",7503,NA
"2950",10783,NA
"2951",8041,NA
"2952",9706,NA
"2953",9604,1999
"2954",10304,NA
"2955",7174,NA
"2956",11058,NA
"2957",10536,NA
"2958",10883,NA
"2959",6599,NA
"2960",9356,NA
"2961",10285,NA
"2962",10548,NA
"2963",10532,NA
"2964",9286,NA
"2965",8878,2001
"2966",10273,NA
"2967",6806,NA
"2968",7510,NA
"2969",6361,NA
"2970",6686,NA
"2971",9589,NA
"2972",7350,NA
"2973",10394,NA
"2974",11334,NA
"2975",7101,1998
"2976",7397,NA
"2977",7171,NA
"2978",8707,NA
"2979",8748,NA
"2980",6796,NA
"2981",9884,NA
"2982",11182,NA
"2983",10461,NA
"2984",11709,NA
"2985",10223,NA
"2986",10404,NA
"2987",6749,NA
"2988",9967,NA
"2989",11531,NA
"2990",6742,NA
"2991",6840,NA
"2992",11001,NA
"2993",6950,NA
"2994",8584,NA
"2995",6888,NA
"2996",10861,NA
"2997",8884,2001
"2998",10983,NA
"2999",8697,NA
"3000",7399,NA
"3001",10406,NA
"3002",7866,NA
"3003",10711,NA
"3004",7842,NA
"3005",6998,1993
"3006",11389,NA
"3007",7631,NA
"3008",10162,NA
"3009",6877,NA
"3010",11732,NA
"3011",8316,NA
"3012",8538,NA
"3013",9695,NA
"3014",7797,NA
"3015",11233,NA
"3016",9665,NA
"3017",6769,1995
"3018",11273,NA
"3019",10700,NA
"3020",11406,NA
"3021",10370,NA
"3022",8073,NA
"3023",7719,NA
"3024",8475,NA
"3025",11007,NA
"3026",10782,NA
"3027",9148,NA
"3028",11423,1998
"3029",7331,NA
"3030",11637,NA
"3031",10358,NA
"3032",10286,NA
"3033",11257,NA
"3034",6397,NA
"3035",7686,NA
"3036",9397,NA
"3037",7159,2000
"3038",9133,NA
"3039",9241,NA
"3040",11088,NA
"3041",6737,NA
"3042",7300,NA
"3043",8999,2001
"3044",8448,NA
"3045",8521,NA
"3046",11344,NA
"3047",6401,NA
"3048",7817,NA
"3049",6687,NA
"3050",8909,NA
"3051",10619,NA
"3052",7955,NA
"3053",10599,NA
"3054",9223,NA
"3055",10078,2001
"3056",10281,NA
"3057",10758,NA
"3058",7312,NA
"3059",10555,NA
"3060",9886,NA
"3061",11707,NA
"3062",9565,NA
"3063",7038,NA
"3064",9253,NA
"3065",9802,NA
"3066",11202,NA
"3067",9782,NA
"3068",11689,NA
"3069",9344,NA
"3070",10240,NA
"3071",11158,NA
"3072",11768,NA
"3073",6346,NA
"3074",8231,NA
"3075",10097,NA
"3076",7560,NA
"3077",6480,NA
"3078",7212,NA
"3079",10407,NA
"3080",10111,NA
"3081",8854,NA
"3082",11479,NA
"3083",10733,NA
"3084",11017,NA
"3085",9809,NA
"3086",8948,NA
"3087",10260,NA
"3088",6653,NA
"3089",6884,NA
"3090",11164,NA
"3091",9833,NA
"3092",7832,NA
"3093",8287,NA
"3094",8936,1999
"3095",9092,NA
"3096",7533,NA
"3097",7294,NA
"3098",8283,NA
"3099",10568,NA
"3100",8404,NA
"3101",6380,NA
"3102",9832,NA
"3103",9225,NA
"3104",11183,NA
"3105",8558,NA
"3106",8618,NA
"3107",11168,NA
"3108",11216,NA
"3109",8938,NA
"3110",7032,1995
"3111",11442,NA
"3112",9471,NA
"3113",8781,NA
"3114",9641,NA
"3115",11738,NA
"3116",9937,NA
"3117",7128,NA
"3118",8154,NA
"3119",6539,NA
"3120",7837,NA
"3121",6419,NA
"3122",6700,NA
"3123",10280,NA
"3124",8624,NA
"3125",10470,NA
"3126",7541,NA
"3127",7417,NA
"3128",8911,NA
"3129",8869,2000
"3130",7412,NA
"3131",9457,NA
"3132",7169,NA
"3133",9234,NA
"3134",6915,NA
"3135",8709,NA
"3136",10423,NA
"3137",8469,2001
"3138",7969,NA
"3139",8468,NA
"3140",10291,NA
"3141",7590,NA
"3142",10570,NA
"3143",8923,2000
"3144",8099,NA
"3145",10307,NA
"3146",11756,NA
"3147",8205,NA
"3148",9417,NA
"3149",7927,NA
"3150",9890,NA
"3151",11338,NA
"3152",7165,NA
"3153",10687,NA
"3154",6817,NA
"3155",6595,NA
"3156",9698,2000
"3157",8829,NA
"3158",8615,NA
"3159",11576,NA
"3160",9183,NA
"3161",8840,NA
"3162",6528,NA
"3163",6913,NA
"3164",9966,NA
"3165",11210,NA
"3166",11658,NA
"3167",10408,NA
"3168",10565,NA
"3169",6478,NA
"3170",11462,NA
"3171",10108,2000
"3172",9334,NA
"3173",8004,NA
"3174",10109,1999
"3175",11117,NA
"3176",11425,NA
"3177",9671,1997
"3178",11136,NA
"3179",9150,NA
"3180",6864,NA
"3181",11320,NA
"3182",9375,NA
"3183",11402,NA
"3184",11106,1998
"3185",10469,NA
"3186",9405,NA
"3187",11512,NA
"3188",8677,2001
"3189",8302,NA
"3190",8296,NA
"3191",10270,NA
"3192",9985,NA
"3193",8597,NA
"3194",10897,NA
"3195",11123,NA
"3196",11450,NA
"3197",7490,1995
"3198",9573,2000
"3199",9686,NA
"3200",9748,NA
"3201",10503,NA
"3202",8104,NA
"3203",6813,NA
"3204",11242,NA
"3205",7608,NA
"3206",11711,NA
"3207",11675,NA
"3208",9839,NA
"3209",9901,NA
"3210",7640,NA
"3211",9259,NA
"3212",9699,NA
"3213",7154,NA
"3214",8971,2001
"3215",8317,NA
"3216",10318,NA
"3217",10826,NA
"3218",7438,NA
"3219",10190,NA
"3220",8410,NA
"3221",6691,NA
"3222",7036,NA
"3223",7383,NA
"3224",9533,2000
"3225",11196,NA
"3226",8449,NA
"3227",6426,NA
"3228",11504,NA
"3229",9897,2001
"3230",6436,NA
"3231",9255,NA
"3232",10668,NA
"3233",9043,2000
"3234",7205,NA
"3235",8278,NA
"3236",11237,NA
"3237",10578,NA
"3238",8512,NA
"3239",11143,NA
"3240",11235,NA
"3241",10920,NA
"3242",10018,1998
"3243",9464,NA
"3244",9548,1999
"3245",9285,NA
"3246",9945,NA
"3247",8274,NA
"3248",9490,NA
"3249",8157,NA
"3250",8946,2000
"3251",7760,NA
"3252",8169,NA
"3253",9670,NA
"3254",8271,NA
"3255",11213,NA
"3256",6354,NA
"3257",9538,1999
"3258",6562,NA
"3259",8798,NA
"3260",11323,NA
"3261",6920,NA
"3262",9563,1999
"3263",7172,NA
"3264",7998,NA
"3265",8903,2001
"3266",11535,NA
"3267",11026,NA
"3268",10431,NA
"3269",7374,NA
"3270",7811,NA
"3271",10851,NA
"3272",8417,NA
"3273",7576,1999
"3274",9545,NA
"3275",8785,NA
"3276",11281,NA
"3277",6558,NA
"3278",10930,NA
"3279",8688,NA
"3280",6579,NA
"3281",7238,NA
"3282",11101,NA
"3283",11600,NA
"3284",8904,2001
"3285",7519,NA
"3286",11743,NA
"3287",9898,NA
"3288",8654,NA
"3289",11032,NA
"3290",8673,NA
"3291",8763,NA
"3292",10065,NA
"3293",7761,NA
"3294",11252,NA
"3295",9317,NA
"3296",11615,NA
"3297",6887,NA
"3298",9552,NA
"3299",8161,NA
"3300",10571,NA
"3301",6966,1999
"3302",7119,NA
"3303",8586,NA
"3304",8505,NA
"3305",10432,NA
"3306",9973,2001
"3307",6747,NA
"3308",6670,NA
"3309",9684,NA
"3310",11617,NA
"3311",11306,NA
"3312",7694,NA
"3313",10976,NA
"3314",10379,NA
"3315",11147,NA
"3316",6696,NA
"3317",10714,NA
"3318",6975,NA
"3319",7481,NA
"3320",7971,NA
"3321",10990,NA
"3322",11304,2001
"3323",10028,NA
"3324",6576,NA
"3325",8444,NA
"3326",7672,NA
"3327",10060,NA
"3328",10901,NA
"3329",7230,NA
"3330",7680,NA
"3331",8544,NA
"3332",6438,NA
"3333",7258,NA
"3334",10441,NA
"3335",10200,NA
"3336",6387,NA
"3337",6360,NA
"3338",11739,NA
"3339",8645,NA
"3340",7919,NA
"3341",10933,NA
"3342",8298,NA
"3343",9220,NA
"3344",7990,NA
"3345",10399,NA
"3346",8495,NA
"3347",7405,NA
"3348",9847,NA
"3349",6421,NA
"3350",10272,NA
"3351",9844,NA
"3352",8595,NA
"3353",10463,NA
"3354",8106,NA
"3355",9441,NA
"3356",11574,NA
"3357",8896,NA
"3358",9869,NA
"3359",10075,NA
"3360",11360,NA
"3361",10196,NA
"3362",7830,NA
"3363",8337,NA
"3364",7588,NA
"3365",7031,1998
"3366",10637,NA
"3367",9056,2001
"3368",8436,NA
"3369",11251,NA
"3370",9351,NA
"3371",11494,NA
"3372",11178,NA
"3373",11207,1998
"3374",10274,NA
"3375",10361,NA
"3376",8307,NA
"3377",10184,NA
"3378",10512,NA
"3379",10179,NA
"3380",10146,NA
"3381",11339,NA
"3382",9850,1996
"3383",7975,NA
"3384",8325,NA
"3385",10073,NA
"3386",8962,2001
"3387",8839,NA
"3388",9138,NA
"3389",9139,NA
"3390",8326,NA
"3391",6914,NA
"3392",9983,NA
"3393",9910,NA
"3394",11585,NA
"3395",6906,NA
"3396",8575,NA
"3397",10151,NA
"3398",9995,NA
"3399",7846,NA
"3400",6608,NA
"3401",8704,NA
"3402",6614,NA
"3403",6883,NA
"3404",7181,NA
"3405",10704,NA
"3406",8686,NA
"3407",8988,1999
"3408",7410,NA
"3409",8590,NA
"3410",7732,NA
"3411",10519,NA
"3412",10116,2001
"3413",9931,1999
"3414",10471,NA
"3415",9084,2000
"3416",10056,NA
"3417",11102,NA
"3418",9203,NA
"3419",11316,NA
"3420",11779,NA
"3421",8539,1994
"3422",8594,NA
"3423",7199,NA
"3424",7386,NA
"3425",8007,NA
"3426",10266,NA
"3427",9069,2000
"3428",8851,NA
"3429",11179,1998
"3430",10309,NA
"3431",7355,NA
"3432",10815,NA
"3433",10908,NA
"3434",9904,NA
"3435",8165,1992
"3436",9444,NA
"3437",10844,NA
"3438",11284,NA
"3439",7744,NA
"3440",9585,1999
"3441",8382,NA
"3442",8230,NA
"3443",7382,NA
"3444",6946,NA
"3445",8678,NA
"3446",8057,1993
"3447",9639,2001
"3448",8123,NA
"3449",11163,NA
"3450",9353,NA
"3451",9771,NA
"3452",11481,NA
"3453",8355,NA
"3454",7527,1999
"3455",10577,NA
"3456",8503,NA
"3457",10055,1998
"3458",7603,NA
"3459",8955,2001
"3460",10931,NA
"3461",7602,NA
"3462",8294,NA
"3463",6789,NA
"3464",8681,NA
"3465",7901,NA
"3466",7859,NA
"3467",9122,NA
"3468",8061,NA
"3469",9795,NA
"3470",9482,NA
"3471",7728,NA
"3472",8883,1995
"3473",10839,NA
"3474",11399,NA
"3475",11583,NA
"3476",11092,NA
"3477",9117,NA
"3478",6893,NA
"3479",11341,NA
"3480",8856,NA
"3481",7366,NA
"3482",7010,NA
"3483",9051,NA
"3484",10329,NA
"3485",11139,NA
"3486",8189,NA
"3487",11767,NA
"3488",9352,NA
"3489",11372,NA
"3490",7242,NA
"3491",6350,NA
"3492",7789,NA
"3493",8822,NA
"3494",8994,1999
"3495",8301,NA
"3496",10181,NA
"3497",7528,NA
"3498",9944,2000
"3499",6997,1998
"3500",6600,NA
"3501",9688,1999
"3502",10420,NA
"3503",8902,2000
"3504",11286,2001
"3505",7709,NA
"3506",11052,NA
"3507",9747,NA
"3508",9105,NA
"3509",8876,NA
"3510",9086,2000
"3511",9803,NA
"3512",6698,NA
"3513",10689,NA
"3514",9645,1997
"3515",8868,NA
"3516",11691,NA
"3517",10024,NA
"3518",6633,NA
"3519",6800,NA
"3520",10866,NA
"3521",11193,NA
"3522",7997,NA
"3523",7911,1999
"3524",11263,NA
"3525",9252,NA
"3526",11800,NA
"3527",11271,1997
"3528",8447,NA
"3529",9403,NA
"3530",7303,NA
"3531",9325,NA
"3532",8025,NA
"3533",8820,NA
"3534",8067,NA
"3535",11010,NA
"3536",9766,NA
"3537",9537,1998
"3538",10691,NA
"3539",11829,NA
"3540",8430,NA
"3541",10005,1999
"3542",6601,NA
"3543",7925,NA
"3544",6989,NA
"3545",7403,NA
"3546",9153,NA
"3547",7065,2000
"3548",10064,NA
"3549",6911,NA
"3550",11444,NA
"3551",9918,NA
"3552",6353,NA
"3553",11396,NA
"3554",8833,NA
"3555",7711,NA
"3556",11596,NA
"3557",10311,NA
"3558",8079,NA
"3559",8992,2000
"3560",6951,NA
"3561",9508,2001
"3562",10592,NA
"3563",10369,NA
"3564",10927,NA
"3565",8016,NA
"3566",6857,NA
"3567",9837,NA
"3568",6342,NA
"3569",7888,1995
"3570",8627,NA
"3571",10176,NA
"3572",6459,NA
"3573",9258,NA
"3574",7594,NA
"3575",9868,1997
"3576",8306,NA
"3577",10710,NA
"3578",8578,NA
"3579",6476,NA
"3580",7989,NA
"3581",9358,NA
"3582",8752,NA
"3583",6557,NA
"3584",9474,NA
"3585",7141,NA
"3586",6898,NA
"3587",6945,NA
"3588",8870,NA
"3589",7435,NA
"3590",11568,NA
"3591",11157,NA
"3592",8256,NA
"3593",11665,NA
"3594",7158,NA
"3595",6535,NA
"3596",8366,NA
"3597",7184,NA
"3598",10192,NA
"3599",11499,NA
"3600",10909,NA
"3601",11332,1997
"3602",10074,1997
"3603",7612,NA
"3604",8977,1996
"3605",8635,NA
"3606",6785,NA
"3607",8880,2001
"3608",9783,NA
"3609",6377,NA
"3610",7929,NA
"3611",7068,NA
"3612",11440,1995
"3613",10567,NA
"3614",6494,NA
"3615",8310,NA
"3616",6504,NA
"3617",9190,NA
"3618",7944,NA
"3619",8228,1999
"3620",11700,NA
"3621",10539,NA
"3622",6673,NA
"3623",8116,NA
"3624",10437,NA
"3625",7729,NA
"3626",11416,NA
"3627",8500,1993
"3628",6917,NA
"3629",9757,NA
"3630",11688,NA
"3631",10699,NA
"3632",7315,NA
"3633",8779,NA
"3634",7318,NA
"3635",11107,1997
"3636",11187,NA
"3637",9171,NA
"3638",8210,NA
"3639",6794,NA
"3640",6692,NA
"3641",10467,NA
"3642",10646,NA
"3643",9394,NA
"3644",8647,NA
"3645",10026,2000
"3646",7745,NA
"3647",9773,1999
"3648",8863,NA
"3649",10504,NA
"3650",7345,NA
"3651",10393,NA
"3652",10017,NA
"3653",11016,NA
"3654",8525,NA
"3655",10899,NA
"3656",6538,NA
"3657",11043,NA
"3658",11070,NA
"3659",9298,NA
"3660",8196,NA
"3661",8229,NA
"3662",7850,NA
"3663",11804,NA
"3664",6554,NA
"3665",9174,NA
"3666",8646,NA
"3667",11616,NA
"3668",10506,NA
"3669",8277,1994
"3670",8333,NA
"3671",11798,NA
"3672",6763,NA
"3673",10010,NA
"3674",7579,NA
"3675",9916,NA
"3676",7448,NA
"3677",11340,NA
"3678",11769,NA
"3679",10584,NA
"3680",11393,2000
"3681",8947,2000
"3682",6730,NA
"3683",10253,NA
"3684",10659,NA
"3685",10042,NA
"3686",9416,NA
"3687",11104,NA
"3688",11679,NA
"3689",6355,NA
"3690",8579,NA
"3691",9988,1999
"3692",11649,NA
"3693",9322,NA
"3694",11634,2000
"3695",7967,NA
"3696",11557,NA
"3697",7798,NA
"3698",7234,NA
"3699",7004,2000
"3700",7001,NA
"3701",7085,NA
"3702",10513,NA
"3703",8114,NA
"3704",10380,NA
"3705",9006,1996
"3706",9815,NA
"3707",8668,NA
"3708",10388,NA
"3709",8282,NA
"3710",6770,NA
"3711",10948,NA
"3712",11313,NA
"3713",7308,NA
"3714",7378,NA
"3715",10628,NA
"3716",8017,NA
"3717",6850,NA
"3718",6685,NA
"3719",10315,NA
"3720",11434,NA
"3721",7841,NA
"3722",9337,NA
"3723",8603,NA
"3724",9081,2001
"3725",9437,NA
"3726",10724,NA
"3727",10172,NA
"3728",10246,NA
"3729",11124,NA
"3730",10966,NA
"3731",10316,NA
"3732",10588,NA
"3733",7976,NA
"3734",7854,NA
"3735",7326,NA
"3736",7409,NA
"3737",9531,NA
"3738",8030,NA
"3739",8383,NA
"3740",9569,NA
"3741",9099,NA
"3742",9788,NA
"3743",10913,NA
"3744",6566,NA
"3745",11797,NA
"3746",7882,NA
"3747",10707,NA
"3748",7488,NA
"3749",10354,NA
"3750",10188,NA
"3751",11071,NA
"3752",9378,NA
"3753",7953,NA
"3754",10626,NA
"3755",7102,NA
"3756",9541,1999
"3757",11291,NA
"3758",10120,NA
"3759",8304,1996
"3760",7961,NA
"3761",8192,NA
"3762",8888,2001
"3763",6707,NA
"3764",11409,1998
"3765",7235,NA
"3766",6622,NA
"3767",11155,NA
"3768",8554,NA
"3769",10106,NA
"3770",10147,NA
"3771",11776,NA
"3772",7548,NA
"3773",11435,NA
"3774",9048,1995
"3775",8796,NA
"3776",10524,NA
"3777",10808,NA
"3778",6583,NA
"3779",7616,1995
"3780",6546,NA
"3781",6486,NA
"3782",11554,NA
"3783",10587,NA
"3784",9266,NA
"3785",9357,NA
"3786",8649,NA
"3787",11119,NA
"3788",6593,NA
"3789",11008,NA
"3790",7257,NA
"3791",9439,NA
"3792",8120,NA
"3793",8756,NA
"3794",8900,2000
"3795",10642,NA
"3796",8596,NA
"3797",8812,NA
"3798",10800,NA
"3799",6865,NA
"3800",7807,NA
"3801",8266,NA
"3802",10776,NA
"3803",7655,NA
"3804",11282,NA
"3805",9943,NA
"3806",9008,2000
"3807",10351,NA
"3808",6910,NA
"3809",8816,NA
"3810",9637,NA
"3811",8657,NA
"3812",9132,NA
"3813",7311,NA
"3814",7464,NA
"3815",7307,NA
"3816",11685,NA
"3817",8729,NA
"3818",8693,NA
"3819",11536,NA
"3820",9509,1999
"3821",10346,NA
"3822",6984,NA
"3823",10023,NA
"3824",6581,NA
"3825",9716,NA
"3826",11764,NA
"3827",9930,2001
"3828",6909,NA
"3829",6933,NA
"3830",9256,NA
"3831",10840,NA
"3832",9126,NA
"3833",10606,NA
"3834",8593,NA
"3835",10443,NA
"3836",7714,NA
"3837",9059,1994
"3838",7094,NA
"3839",7063,NA
"3840",9180,NA
"3841",8052,NA
"3842",6534,NA
"3843",8122,NA
"3844",10175,NA
"3845",7658,NA
"3846",9108,NA
"3847",9025,2001
"3848",7784,NA
"3849",9374,NA
"3850",8270,NA
"3851",7999,NA
"3852",9219,NA
"3853",10882,NA
"3854",8369,NA
"3855",9595,2000
"3856",8828,NA
"3857",10657,NA
"3858",10850,NA
"3859",10697,NA
"3860",7197,2001
"3861",11336,NA
"3862",6923,NA
"3863",9140,NA
"3864",8745,NA
"3865",11073,NA
"3866",9264,NA
"3867",11643,NA
"3868",10007,NA
"3869",9068,1995
"3870",7341,NA
"3871",10680,NA
"3872",9481,NA
"3873",10424,NA
"3874",11660,NA
"3875",10428,NA
"3876",9065,2001
"3877",7239,NA
"3878",9946,NA
"3879",7227,2001
"3880",9189,NA
"3881",9487,NA
"3882",9311,NA
"3883",8835,2001
"3884",7288,NA
"3885",10614,NA
"3886",7643,NA
"3887",9497,NA
"3888",8086,NA
"3889",6801,NA
"3890",7956,NA
"3891",9530,NA
"3892",9368,NA
"3893",7682,NA
"3894",8623,NA
"3895",9000,2001
"3896",11826,NA
"3897",7966,NA
"3898",8426,NA
"3899",9062,2000
"3900",8926,2001
"3901",6359,NA
"3902",6609,NA
"3903",6477,NA
"3904",9676,NA
"3905",6791,NA
"3906",6925,NA
"3907",10987,NA
"3908",8912,2000
"3909",8741,NA
"3910",10748,NA
"3911",10880,NA
"3912",7090,NA
"3913",10478,NA
"3914",9127,NA
"3915",8315,NA
"3916",9689,NA
"3917",11787,NA
"3918",9909,2000
"3919",8128,NA
"3920",10138,NA
"3921",9279,NA
"3922",11519,NA
"3923",6664,NA
"3924",10182,NA
"3925",9214,NA
"3926",11229,NA
"3927",7792,NA
"3928",11652,NA
"3929",10717,NA
"3930",8661,NA
"3931",9825,NA
"3932",9690,NA
"3933",11684,2001
"3934",10054,NA
"3935",8891,NA
"3936",8580,NA
"3937",9914,NA
"3938",6900,NA
"3939",11495,NA
"3940",9194,NA
"3941",9513,NA
"3942",11075,NA
"3943",6757,NA
"3944",8939,2001
"3945",9009,2001
"3946",9119,NA
"3947",8353,NA
"3948",7628,NA
"3949",8965,NA
"3950",6416,NA
"3951",7473,NA
"3952",11672,NA
"3953",8889,NA
"3954",10622,NA
"3955",10688,NA
"3956",10996,NA
"3957",7363,NA
"3958",7757,NA
"3959",11754,NA
"3960",11208,NA
"3961",10384,NA
"3962",8488,1999
"3963",6740,NA
"3964",11061,NA
"3965",11469,NA
"3966",6866,NA
"3967",10130,1999
"3968",10837,NA
"3969",11018,NA
"3970",9955,NA
"3971",6775,NA
"3972",11433,NA
"3973",9745,NA
"3974",9948,NA
"3975",9717,NA
"3976",11084,NA
"3977",7973,NA
"3978",9428,NA
"3979",9232,NA
"3980",8747,NA
"3981",11201,NA
"3982",9848,NA
"3983",11645,NA
"3984",7693,NA
"3985",6551,NA
"3986",9498,1999
"3987",8802,NA
"3988",10474,NA
"3989",11057,NA
"3990",6428,NA
"3991",8204,NA
"3992",9201,NA
"3993",8206,NA
"3994",10391,NA
"3995",10505,NA
"3996",11368,NA
"3997",7380,NA
"3998",9321,NA
"3999",7663,NA
"4000",11681,NA
"4001",8528,1996
"4002",10254,NA
"4003",10684,NA
"4004",8642,NA
"4005",7254,NA
"4006",7941,NA
"4007",6402,NA
"4008",7692,NA
"4009",11024,NA
"4010",11789,NA
"4011",6400,2001
"4012",10836,NA
"4013",10693,NA
"4014",7799,NA
"4015",7884,NA
"4016",10204,NA
"4017",9999,NA
"4018",8374,NA
"4019",10810,NA
"4020",7904,NA
"4021",9750,NA
"4022",9831,1999
"4023",11695,NA
"4024",6591,NA
"4025",8191,NA
"4026",10235,NA
"4027",9751,NA
"4028",11054,NA
"4029",10785,NA
"4030",10122,NA
"4031",10598,NA
"4032",10915,NA
"4033",6378,NA
"4034",8952,2000
"4035",7121,NA
"4036",11595,NA
"4037",7298,NA
"4038",9155,NA
"4039",9304,NA
"4040",8805,NA
"4041",7522,NA
"4042",10845,NA
"4043",8973,NA
"4044",6993,NA
"4045",7037,1995
"4046",9827,2000
"4047",8953,2000
"4048",10934,NA
"4049",7665,NA
"4050",6503,NA
"4051",11703,NA
"4052",9341,NA
"4053",7662,NA
"4054",6977,NA
"4055",9990,NA
"4056",9085,2001
"4057",6886,NA
"4058",11103,NA
"4059",10651,NA
"4060",6708,NA
"4061",9395,NA
"4062",8173,NA
"4063",7426,NA
"4064",11199,NA
"4065",6580,NA
"4066",9812,NA
"4067",8115,NA
"4068",11657,NA
"4069",10061,1998
"4070",8198,NA
"4071",8849,NA
"4072",11264,NA
"4073",8313,NA
"4074",9215,NA
"4075",11109,NA
"4076",6724,NA
"4077",10805,NA
"4078",11605,NA
"4079",11021,NA
"4080",10769,NA
"4081",9060,2000
"4082",10859,NA
"4083",9523,NA
"4084",9373,NA
"4085",8610,NA
"4086",6750,NA
"4087",8118,NA
"4088",9294,NA
"4089",9244,NA
"4090",7480,NA
"4091",11086,NA
"4092",11520,NA
"4093",6642,NA
"4094",9249,NA
"4095",6924,NA
"4096",7055,1992
"4097",10960,NA
"4098",11028,NA
"4099",8758,NA
"4100",9136,NA
"4101",10242,NA
"4102",6589,NA
"4103",7511,1996
"4104",6677,NA
"4105",7253,NA
"4106",10894,NA
"4107",9188,NA
"4108",10725,NA
"4109",10575,NA
"4110",10433,NA
"4111",6953,NA
"4112",6366,NA
"4113",6369,NA
"4114",10997,NA
"4115",8520,NA
"4116",11415,NA
"4117",7170,NA
"4118",11148,NA
"4119",6903,NA
"4120",8215,NA
"4121",8083,NA
"4122",10517,NA
"4123",9658,NA
"4124",7111,NA
"4125",8760,NA
"4126",9049,2000
"4127",7801,NA
"4128",8775,NA
"4129",6793,NA
"4130",8815,NA
"4131",6663,NA
"4132",7255,NA
"4133",9047,2000
"4134",9756,NA
"4135",10094,NA
"4136",10872,NA
"4137",6487,NA
"4138",11629,NA
"4139",6548,NA
"4140",9429,NA
"4141",10052,2000
"4142",11328,NA
"4143",11832,NA
"4144",8227,NA
"4145",6889,NA
"4146",10034,NA
"4147",11296,NA
"4148",7750,NA
"4149",9654,NA
"4150",8871,2000
"4151",8914,2001
"4152",7406,NA
"4153",9239,NA
"4154",7500,NA
"4155",10625,NA
"4156",11035,NA
"4157",7914,NA
"4158",9017,NA
"4159",6837,NA
"4160",8135,NA
"4161",10492,NA
"4162",6701,NA
"4163",10072,1996
"4164",7117,NA
"4165",6386,NA
"4166",10891,NA
"4167",7251,NA
"4168",7143,NA
"4169",8700,NA
"4170",11803,NA
"4171",9221,NA
"4172",10158,NA
"4173",8060,1997
"4174",9021,1994
"4175",10890,NA
"4176",10284,NA
"4177",8051,NA
"4178",8082,NA
"4179",9401,NA
"4180",10640,NA
"4181",6639,NA
"4182",8241,NA
"4183",11005,NA
"4184",9949,NA
"4185",7146,NA
"4186",8882,2000
"4187",9822,NA
"4188",8162,NA
"4189",9484,NA
"4190",7425,NA
"4191",6481,NA
"4192",8518,NA
"4193",11004,NA
"4194",9556,1999
"4195",11293,NA
"4196",9701,NA
"4197",6448,NA
"4198",11172,NA
"4199",8238,NA
"4200",8064,NA
"4201",7950,NA
"4202",7471,NA
"4203",9442,NA
"4204",10027,2001
"4205",9597,NA
"4206",7422,NA
"4207",10709,NA
"4208",8396,NA
"4209",11543,NA
"4210",10093,NA
"4211",7445,NA
"4212",6994,NA
"4213",10935,NA
"4214",10139,2000
"4215",9762,NA
"4216",6495,NA
"4217",9172,NA
"4218",11571,NA
"4219",10871,NA
"4220",6668,NA
"4221",9834,NA
"4222",7554,NA
"4223",9386,NA
"4224",7532,NA
"4225",10603,NA
"4226",10904,NA
"4227",8335,NA
"4228",7270,NA
"4229",9071,1999
"4230",11633,NA
"4231",10940,NA
"4232",6777,NA
"4233",8566,NA
"4234",6718,NA
"4235",10944,NA
"4236",9380,NA
"4237",10203,NA
"4238",9280,NA
"4239",9711,NA
"4240",8631,NA
"4241",10008,1998
"4242",8996,1999
"4243",9438,NA
"4244",10596,NA
"4245",11218,NA
"4246",9115,NA
"4247",11565,NA
"4248",6588,NA
"4249",9712,NA
"4250",8347,NA
"4251",8253,NA
"4252",10675,NA
"4253",9737,NA
"4254",10906,NA
"4255",6556,NA
"4256",9165,NA
"4257",9964,2001
"4258",8431,NA
"4259",7424,NA
"4260",10508,NA
"4261",7547,2000
"4262",9596,NA
"4263",7633,1999
"4264",11427,NA
"4265",11391,NA
"4266",11327,NA
"4267",7660,NA
"4268",7800,NA
"4269",11729,NA
"4270",8861,NA
"4271",7228,NA
"4272",11256,NA
"4273",11728,NA
"4274",7568,1998
"4275",11432,NA
"4276",8542,NA
"4277",9656,2000
"4278",7026,1996
"4279",7262,NA
"4280",10939,NA
"4281",7211,NA
"4282",9576,1996
"4283",6482,NA
"4284",9369,NA
"4285",7267,NA
"4286",10062,2001
"4287",6648,NA
"4288",8527,1993
"4289",9950,NA
"4290",10458,NA
"4291",11118,NA
"4292",10479,NA
"4293",6871,NA
"4294",7107,NA
"4295",11397,NA
"4296",7524,1995
"4297",10610,NA
"4298",9715,NA
"4299",8794,NA
"4300",11138,NA
"4301",8390,NA
"4302",9652,2001
"4303",7364,NA
"4304",6627,NA
"4305",8564,NA
"4306",11132,NA
"4307",7538,NA
"4308",10298,NA
"4309",11540,NA
"4310",6406,NA
"4311",9300,NA
"4312",10069,NA
"4313",11171,NA
"4314",9465,NA
"4315",6727,NA
"4316",9348,NA
"4317",7314,NA
"4318",11831,NA
"4319",8929,NA
"4320",9938,1997
"4321",11564,NA
"4322",11601,1998
"4323",9096,NA
"4324",7564,NA
"4325",6410,NA
"4326",8723,NA
"4327",10821,NA
"4328",8565,2001
"4329",9622,2001
"4330",10435,NA
"4331",9942,NA
"4332",9015,1999
"4333",7873,NA
"4334",8465,1999
"4335",9254,NA
"4336",11215,1997
"4337",8255,1992
"4338",9342,NA
"4339",8096,NA
"4340",11486,NA
"4341",10216,NA
"4342",10672,NA
"4343",11411,NA
"4344",11303,NA
"4345",8394,NA
"4346",7476,1999
"4347",10772,NA
"4348",9922,2000
"4349",6537,NA
"4350",8613,NA
"4351",10865,NA
"4352",6875,NA
"4353",8959,NA
"4354",9453,NA
"4355",7930,1994
"4356",10728,NA
"4357",7113,1996
"4358",11823,NA
"4359",8653,NA
"4360",8348,NA
"4361",11300,NA
"4362",6957,NA
"4363",7446,NA
"4364",10716,NA
"4365",10282,NA
"4366",11093,1997
"4367",10317,NA
"4368",9199,NA
"4369",6848,NA
"4370",10068,NA
"4371",11841,NA
"4372",8743,NA
"4373",7984,NA
"4374",6606,NA
"4375",11375,1998
"4376",10703,NA
"4377",10967,NA
"4378",11472,NA
"4379",7215,NA
"4380",8679,NA
"4381",6990,1990
"4382",11526,NA
"4383",10357,NA
"4384",7268,NA
"4385",9179,NA
"4386",7232,NA
"4387",9732,NA
"4388",9291,NA
"4389",8846,NA
"4390",8810,NA
"4391",10731,NA
"4392",10686,NA
"4393",6756,NA
"4394",7440,NA
"4395",11670,NA
"4396",11749,NA
"4397",7868,NA
"4398",7601,NA
"4399",7321,NA
"4400",9435,NA
"4401",7831,NA
"4402",7713,NA
"4403",8683,NA
"4404",7871,NA
"4405",11382,NA
"4406",10198,NA
"4407",11766,NA
"4408",6778,NA
"4409",11447,NA
"4410",6654,NA
"4411",11321,1997
"4412",11020,NA
"4413",6905,NA
"4414",11259,1998
"4415",7166,NA
"4416",7752,NA
"4417",9440,NA
"4418",10594,NA
"4419",11838,NA
"4420",7706,NA
"4421",8174,NA
"4422",10264,NA
"4423",11437,1998
"4424",9666,2000
"4425",9875,NA
"4426",9077,1999
"4427",6434,NA
"4428",6720,NA
"4429",7995,2000
"4430",9278,NA
"4431",10475,NA
"4432",9067,2000
"4433",11720,NA
"4434",7805,NA
"4435",6999,NA
"4436",7029,NA
"4437",9889,NA
"4438",7084,NA
"4439",10321,NA
"4440",8956,2001
"4441",10732,NA
"4442",8715,NA
"4443",6625,NA
"4444",10797,NA
"4445",8859,1999
"4446",9653,NA
"4447",10367,NA
"4448",10161,NA
"4449",11186,NA
"4450",10356,NA
"4451",6383,NA
"4452",10044,NA
"4453",9588,2001
"4454",6552,NA
"4455",8801,NA
"4456",8235,NA
"4457",6624,NA
"4458",7770,NA
"4459",11298,NA
"4460",9488,NA
"4461",8600,NA
"4462",11165,NA
"4463",6521,NA
"4464",11507,NA
"4465",10283,NA
"4466",11067,NA
"4467",8286,NA
"4468",9863,NA
"4469",8424,NA
"4470",7983,NA
"4471",11816,NA
"4472",7514,NA
"4473",9495,NA
"4474",8359,NA
"4475",11266,NA
"4476",8368,NA
"4477",7459,2001
"4478",6702,NA
"4479",10823,NA
"4480",11575,1998
"4481",7245,NA
"4482",7777,NA
"4483",7279,NA
"4484",8598,NA
"4485",11632,NA
"4486",6388,NA
"4487",8234,NA
"4488",6462,NA
"4489",7052,2001
"4490",7334,NA
"4491",9168,NA
"4492",10989,NA
"4493",9350,NA
"4494",8991,1996
"4495",9572,1999
"4496",11628,NA
"4497",8639,NA
"4498",11310,NA
"4499",7870,NA
"4500",8838,NA
"4501",8391,NA
"4502",7489,1995
"4503",11424,NA
"4504",8979,NA
"4505",10410,NA
"4506",11790,NA
"4507",11706,NA
"4508",10096,NA
"4509",7788,NA
"4510",10324,NA
"4511",11514,NA
"4512",6932,NA
"4513",6474,NA
"4514",10604,NA
"4515",6783,NA
"4516",6821,NA
"4517",6790,NA
"4518",10515,NA
"4519",8309,1992
"4520",8491,NA
"4521",7691,NA
"4522",9917,NA
"4523",8920,2000
"4524",11188,NA
"4525",10953,NA
"4526",10416,NA
"4527",10771,NA
"4528",6762,NA
"4529",10975,NA
"4530",9078,1999
"4531",7715,NA
"4532",6941,NA
"4533",10328,NA
"4534",6992,NA
"4535",9515,NA
"4536",7175,NA
"4537",6596,NA
"4538",10718,NA
"4539",10231,NA
"4540",10756,NA
"4541",6522,NA
"4542",11195,NA
"4543",6885,NA
"4544",8412,NA
"4545",11734,NA
"4546",7034,NA
"4547",11484,NA
"4548",11317,NA
"4549",7338,NA
"4550",6974,1996
"4551",10556,NA
"4552",8887,NA
"4553",8585,2000
"4554",6733,NA
"4555",8415,NA
"4556",6985,NA
"4557",11231,1998
"4558",7293,NA
"4559",11757,NA
"4560",11692,NA
"4561",9774,NA
"4562",7013,1992
"4563",11120,NA
"4564",10128,2001
"4565",11511,NA
"4566",6958,NA
"4567",9073,NA
"4568",10945,NA
"4569",9338,NA
"4570",8065,NA
"4571",8153,NA
"4572",11029,NA
"4573",11337,NA
"4574",6671,NA
"4575",9912,NA
"4576",7150,NA
"4577",7148,1997
"4578",9040,2001
"4579",6688,NA
"4580",10350,NA
"4581",9175,NA
"4582",10145,NA
"4583",7249,NA
"4584",11503,NA
"4585",11680,NA
"4586",9867,NA
"4587",11775,NA
"4588",6980,NA
"4589",7895,NA
"4590",8049,NA
"4591",10723,NA
"4592",8423,NA
"4593",8559,1996
"4594",8011,NA
"4595",9829,NA
"4596",7991,1999
"4597",9274,NA
"4598",10269,NA
"4599",11294,NA
"4600",8694,NA
"4601",10276,NA
"4602",6499,NA
"4603",8102,NA
"4604",8886,NA
"4605",9804,NA
"4606",9262,NA
"4607",8457,NA
"4608",6585,NA
"4609",8467,NA
"4610",9907,NA
"4611",9392,NA
"4612",10801,NA
"4613",11175,NA
"4614",11762,NA
"4615",8097,NA
"4616",10656,NA
"4617",7077,1999
"4618",11510,NA
"4619",11693,NA
"4620",9343,NA
"4621",9315,NA
"4622",10962,NA
"4623",7299,NA
"4624",11654,NA
"4625",6891,NA
"4626",11364,1997
"4627",6429,NA
"4628",11750,NA
"4629",10843,NA
"4630",10947,NA
"4631",10751,NA
"4632",9007,NA
"4633",6828,NA
"4634",11610,NA
"4635",7059,NA
"4636",7402,NA
"4637",7061,NA
"4638",11792,NA
"4639",8510,NA
"4640",9409,NA
"4641",11702,NA
"4642",10248,NA
"4643",7669,NA
"4644",8070,NA
"4645",11708,NA
"4646",11358,NA
"4647",10679,NA
"4648",7074,1995
"4649",11741,NA
"4650",8036,1991
"4651",10946,NA
"4652",7429,NA
"4653",11631,NA
"4654",6755,NA
"4655",9767,NA
"4656",11064,NA
"4657",11490,NA
"4658",10360,NA
"4659",10238,NA
"4660",7758,NA
"4661",8018,NA
"4662",11240,NA
"4663",7563,2000
"4664",8259,2000
"4665",11608,NA
"4666",7072,2000
"4667",10051,2001
"4668",6605,NA
"4669",7954,NA
"4670",6907,NA
"4671",10574,NA
"4672",9700,NA
"4673",6736,NA
"4674",9362,NA
"4675",6643,NA
"4676",7656,NA
"4677",7763,NA
"4678",10488,NA
"4679",9550,1998
"4680",8209,NA
"4681",7335,NA
"4682",10658,NA
"4683",10509,NA
"4684",10773,NA
"4685",9486,NA
"4686",7376,NA
"4687",7508,NA
"4688",8418,1996
"4689",10831,NA
"4690",9446,NA
"4691",7685,NA
"4692",7470,NA
"4693",8276,NA
"4694",11780,NA
"4695",9640,NA
"4696",8526,NA
"4697",11483,NA
"4698",8957,2000
"4699",6555,NA
"4700",10955,NA
"4701",6867,NA
"4702",11587,NA
"4703",7847,NA
"4704",9319,NA
"4705",9713,NA
"4706",8725,NA
"4707",6759,NA
"4708",9566,NA
"4709",6371,NA
"4710",11053,NA
"4711",7434,NA
"4712",8547,NA
"4713",8776,NA
"4714",11180,1997
"4715",10425,NA
"4716",8489,NA
"4717",7468,NA
"4718",9432,NA
"4719",10617,NA
"4720",10856,NA
"4721",11405,NA
"4722",7844,NA
"4723",7580,NA
"4724",11828,NA
"4725",8890,1996
"4726",7337,NA
"4727",10426,NA
"4728",8716,NA
"4729",10530,NA
"4730",9647,1995
"4731",6356,NA
"4732",7765,NA
"4733",7349,NA
"4734",8664,NA
"4735",10566,NA
"4736",6646,NA
"4737",11145,NA
"4738",8434,1993
"4739",6804,NA
"4740",8660,NA
"4741",10029,NA
"4742",9920,NA
"4743",10208,NA
"4744",11558,NA
"4745",10480,NA
"4746",6725,NA
"4747",8013,NA
"4748",8445,NA
"4749",8453,NA
"4750",8514,NA
"4751",6964,NA
"4752",10820,NA
"4753",7047,1996
"4754",9372,NA
"4755",11650,NA
"4756",10561,NA
"4757",7130,NA
"4758",10359,NA
"4759",10914,NA
"4760",7688,NA
"4761",7018,NA
"4762",8130,NA
"4763",8078,NA
"4764",8429,NA
"4765",10297,NA
"4766",9390,NA
"4767",8380,NA
"4768",7877,1999
"4769",9664,1996
"4770",9811,NA
"4771",9499,NA
"4772",11836,NA
"4773",9991,NA
"4774",6751,NA
"4775",10228,NA
"4776",8529,NA
"4777",7586,NA
"4778",7722,NA
"4779",9749,NA
"4780",9412,NA
"4781",9643,1994
"4782",8244,NA
"4783",8788,NA
"4784",9197,NA
"4785",7343,NA
"4786",11530,NA
"4787",10986,NA
"4788",7332,NA
"4789",11547,1996
"4790",11275,NA
"4791",9202,NA
"4792",10824,NA
"4793",9819,NA
"4794",8462,NA
"4795",11463,NA
"4796",6374,NA
"4797",8442,NA
"4798",6684,NA
"4799",8553,NA
"4800",7767,NA
"4801",11105,1997
"4802",10616,NA
"4803",8922,2001
"4804",11295,NA
"4805",6393,NA
"4806",8084,NA
"4807",10696,NA
"4808",9586,1999
"4809",11429,NA
"4810",11099,1997
"4811",10994,NA
"4812",7177,NA
"4813",8634,NA
"4814",8718,NA
"4815",6955,NA
"4816",8954,1993
"4817",6962,NA
"4818",8047,1993
"4819",8561,NA
"4820",9838,NA
"4821",6690,NA
"4822",11121,NA
"4823",9547,NA
"4824",10600,NA
"4825",8927,2001
"4826",8168,NA
"4827",9113,NA
"4828",6659,NA
"4829",7069,2000
"4830",9693,NA
"4831",11827,NA
"4832",9163,NA
"4833",7224,NA
"4834",9687,NA
"4835",7623,NA
"4836",6498,NA
"4837",8602,NA
"4838",9057,2000
"4839",9121,NA
"4840",11588,NA
"4841",8439,1994
"4842",8291,NA
"4843",9134,NA
"4844",6881,NA
"4845",10213,NA
"4846",6337,NA
"4847",6496,NA
"4848",7505,NA
"4849",9797,NA
"4850",10149,1999
"4851",6582,NA
"4852",6458,NA
"4853",11051,NA
"4854",9427,NA
"4855",7015,NA
"4856",7452,2000
"4857",6442,NA
"4858",10320,NA
"4859",7497,NA
"4860",8370,NA
"4861",9841,NA
"4862",7291,NA
"4863",10648,NA
"4864",10485,NA
"4865",7988,NA
"4866",11357,NA
"4867",6667,NA
"4868",10734,NA
"4869",7208,1996
"4870",10727,NA
"4871",6937,NA
"4872",7611,NA
"4873",7226,NA
"4874",8208,NA
"4875",8148,NA
"4876",10746,NA
"4877",11000,NA
"4878",6766,NA
"4879",7218,NA
"4880",9187,NA
"4881",8254,NA
"4882",8560,NA
"4883",10300,NA
"4884",8224,NA
"4885",7394,1999
"4886",8530,NA
"4887",8735,NA
"4888",10252,NA
"4889",9668,NA
"4890",7600,2000
"4891",10736,NA
"4892",7940,NA
"4893",9667,NA
"4894",9093,NA
"4895",10779,NA
"4896",8145,NA
"4897",8101,NA
"4898",7898,NA
"4899",10712,NA
"4900",8641,NA
"4901",11607,NA
"4902",11736,NA
"4903",8357,NA
"4904",8054,NA
"4905",10343,NA
"4906",6564,NA
"4907",9296,NA
"4908",7381,NA
"4909",8405,NA
"4910",8930,NA
"4911",9261,NA
"4912",7009,NA
"4913",6578,NA
"4914",7598,NA
"4915",7112,2001
"4916",10409,NA
"4917",7860,NA
"4918",8108,NA
"4919",10661,NA
"4920",11458,NA
"4921",7066,NA
"4922",9526,NA
"4923",9217,NA
"4924",10025,NA
"4925",10211,NA
"4926",8493,NA
"4927",10001,2001
"4928",6573,NA
"4929",10630,NA
"4930",11268,NA
"4931",6892,NA
"4932",9673,2001
"4933",6446,NA
"4934",11705,NA
"4935",6357,NA
"4936",7698,NA
"4937",9806,NA
"4938",10348,NA
"4939",10846,NA
"4940",7233,NA
"4941",10011,NA
"4942",11167,NA
"4943",8698,2001
"4944",7504,NA
"4945",7263,NA
"4946",9330,NA
"4947",11212,NA
"4948",8813,NA
"4949",7587,NA
"4950",8126,NA
"4951",6665,NA
"4952",9870,NA
"4953",10792,NA
"4954",9366,NA
"4955",11799,NA
"4956",7272,NA
"4957",6382,NA
"4958",7657,1998
"4959",9425,NA
"4960",7301,NA
"4961",8877,NA
"4962",11742,NA
"4963",7743,NA
"4964",9370,NA
"4965",10402,NA
"4966",10550,NA
"4967",10981,NA
"4968",11349,NA
"4969",7051,1990
"4970",9770,NA
"4971",9324,NA
"4972",11578,NA
"4973",9066,2000
"4974",6705,1999
"4975",7190,NA
"4976",11128,NA
"4977",11810,NA
"4978",8831,NA
"4979",8842,NA
"4980",6365,NA
"4981",7543,NA
"4982",8771,NA
"4983",8533,1999
"4984",7583,1994
"4985",7451,1999
"4986",7785,NA
"4987",9929,1993
"4988",6995,NA
"4989",7818,NA
"4990",7333,NA
"4991",6675,NA
"4992",7787,NA
"4993",9292,NA
"4994",10929,NA
"4995",7592,NA
"4996",11580,NA
"4997",6899,NA
"4998",7534,NA
"4999",10531,NA
"5000",7261,NA
"5001",10936,NA
"5002",11011,NA
"5003",10849,NA
"5004",8243,NA
"5005",9284,NA
"5006",11082,NA
"5007",7819,NA
"5008",8548,NA
"5009",8753,NA
"5010",8428,NA
"5011",10560,NA
"5012",6335,NA
"5013",10770,NA
"5014",6345,NA
"5015",8987,1999
"5016",10690,NA
"5017",9736,NA
"5018",10080,1999
"5019",9218,NA
"5020",7900,NA
"5021",10974,NA
"5022",7704,NA
"5023",6743,NA
"5024",11737,NA
"5025",8466,NA
"5026",7902,NA
"5027",8761,NA
"5028",6543,NA
"5029",7123,NA
"5030",9193,NA
"5031",10058,1998
"5032",6432,NA
"5033",10490,NA
"5034",9302,NA
"5035",10576,NA
"5036",9638,NA
"5037",7306,NA
"5038",9791,NA
"5039",7730,NA
"5040",6536,NA
"5041",7340,NA
"5042",7979,NA
"5043",6518,NA
"5044",8483,NA
"5045",9610,1998
"5046",10262,NA
"5047",7681,NA
"5048",8540,NA
"5049",10874,NA
"5050",9260,NA
"5051",10819,NA
"5052",8022,NA
"5053",8009,NA
"5054",7845,NA
"5055",6338,NA
"5056",8689,NA
"5057",6942,NA
"5058",6440,NA
"5059",11392,NA
"5060",6666,NA
"5061",9559,1998
"5062",7027,NA
"5063",10396,NA
"5064",11185,NA
"5065",9936,NA
"5066",8269,NA
"5067",8783,NA
"5068",7779,NA
"5069",8787,NA
"5070",9679,NA
"5071",9883,NA
"5072",10127,NA
"5073",9460,NA
"5074",11283,NA
"5075",6811,NA
"5076",8397,NA
"5077",11122,NA
"5078",8754,NA
"5079",11821,NA
"5080",8225,NA
"5081",11653,NA
"5082",9381,NA
"5083",8186,NA
"5084",9365,NA
"5085",7167,NA
"5086",8659,NA
"5087",9591,1998
"5088",9095,NA
"5089",11482,NA
"5090",10098,NA
"5091",11542,NA
"5092",10314,NA
"5093",8845,NA
"5094",10721,NA
"5095",7615,NA
"5096",6715,NA
"5097",7325,NA
"5098",6835,NA
"5099",7474,2000
"5100",7756,NA
"5101",11623,NA
"5102",11759,NA
"5103",7861,NA
"5104",7644,NA
"5105",9939,NA
"5106",6722,NA
"5107",8711,NA
"5108",6918,NA
"5109",10855,NA
"5110",9621,1997
"5111",9363,NA
"5112",10932,NA
"5113",7022,1996
"5114",9157,NA
"5115",7114,NA
"5116",9517,1998
"5117",9843,NA
"5118",10793,NA
"5119",7019,NA
"5120",8777,NA
"5121",6649,NA
"5122",10834,NA
"5123",9354,NA
"5124",6634,NA
"5125",7289,NA
"5126",9210,NA
"5127",9969,NA
"5128",6726,NA
"5129",6901,NA
"5130",11713,NA
"5131",6475,NA
"5132",11783,NA
"5133",9033,NA
"5134",9013,NA
"5135",9196,NA
"5136",10903,NA
"5137",7017,NA
"5138",10255,NA
"5139",10627,NA
"5140",11169,NA
"5141",7993,NA
"5142",8744,NA
"5143",10916,NA
"5144",6876,NA
"5145",11373,NA
"5146",10547,NA
"5147",6832,NA
"5148",9590,NA
"5149",10465,NA
"5150",7485,NA
"5151",11516,NA
"5152",11498,NA
"5153",11014,NA
"5154",8607,NA
"5155",8179,NA
"5156",6908,NA
"5157",9593,1999
"5158",11095,NA
"5159",11443,NA
"5160",7687,NA
"5161",7353,NA
"5162",7296,NA
"5163",10965,NA
"5164",9411,NA
"5165",7549,NA
"5166",7764,NA
"5167",8942,1997
"5168",7280,NA
"5169",10105,NA
"5170",6693,NA
"5171",11626,NA
"5172",10355,NA
"5173",7869,NA
"5174",9895,NA
"5175",11714,NA
"5176",10451,NA
"5177",9243,NA
"5178",6694,NA
"5179",7236,NA
"5180",9494,NA
"5181",10487,NA
"5182",9649,2001
"5183",7229,NA
"5184",9636,2001
"5185",6553,NA
"5186",11614,NA
"5187",6869,NA
"5188",9613,NA
"5189",7577,NA
"5190",8413,NA
"5191",8267,NA
"5192",7443,NA
"5193",6450,NA
"5194",7292,NA
"5195",8002,NA
"5196",6483,NA
"5197",11814,NA
"5198",7266,NA
"5199",10623,NA
"5200",6473,NA
"5201",6541,NA
"5202",10450,NA
"5203",7734,NA
"5204",7131,NA
"5205",11220,NA
"5206",9598,NA
"5207",9510,NA
"5208",10551,NA
"5209",8323,NA
"5210",11112,NA
"5211",9959,NA
"5212",7667,NA
"5213",9355,NA
"5214",7853,NA
"5215",8667,NA
"5216",6676,NA
"5217",8110,NA
"5218",11003,NA
"5219",7825,NA
"5220",11068,NA
"5221",8995,2000
"5222",7796,NA
"5223",11717,NA
"5224",10698,NA
"5225",10493,NA
"5226",10501,NA
"5227",7917,NA
"5228",9195,NA
"5229",7078,NA
"5230",7980,NA
"5231",10031,NA
"5232",8470,NA
"5233",10022,2001
"5234",11381,NA
"5235",11274,NA
"5236",11002,NA
"5237",11346,NA
"5238",7862,NA
"5239",8964,2000
"5240",9014,2000
"5241",8824,NA
"5242",11114,1998
"5243",7909,NA
"5244",7283,NA
"5245",6427,NA
"5246",9681,NA
"5247",9349,NA
"5248",10857,NA
"5249",6638,NA
"5250",8961,NA
"5251",7839,NA
"5252",8702,NA
"5253",11674,NA
"5254",8281,NA
"5255",11200,NA
"5256",7697,NA
"5257",7675,NA
"5258",7276,NA
"5259",7196,NA
"5260",8350,NA
"5261",8701,NA
"5262",7118,NA
"5263",9160,NA
"5264",6572,NA
"5265",6816,NA
"5266",7006,1998
"5267",10136,NA
"5268",11731,NA
"5269",11350,NA
"5270",11254,NA
"5271",9398,NA
"5272",10241,NA
"5273",11146,NA
"5274",10766,NA
"5275",7913,NA
"5276",11325,NA
"5277",9469,NA
"5278",10166,NA
"5279",8142,NA
"5280",11077,NA
"5281",6409,NA
"5282",7632,NA
"5283",7668,NA
"5284",7044,NA
"5285",9820,NA
"5286",9663,NA
"5287",11812,NA
"5288",11809,NA
"5289",11379,NA
"5290",10418,NA
"5291",8984,2001
"5292",7627,2000
"5293",9978,2000
"5294",6845,NA
"5295",8778,NA
"5296",10290,NA
"5297",10692,NA
"5298",9052,2000
"5299",10620,NA
"5300",10310,NA
"5301",11642,NA
"5302",8330,NA
"5303",8289,NA
"5304",11280,NA
"5305",10572,NA
"5306",7595,NA
"5307",7939,1992
"5308",9064,NA
"5309",8034,NA
"5310",8734,NA
"5311",9211,NA
"5312",8246,NA
"5313",10877,NA
"5314",9957,2001
"5315",7012,NA
"5316",9301,NA
"5317",11241,NA
"5318",7075,NA
"5319",11436,NA
"5320",11527,NA
"5321",10401,NA
"5322",6972,NA
"5323",10602,NA
"5324",7243,NA
"5325",6928,NA
"5326",11030,NA
"5327",8388,NA
"5328",11667,NA
"5329",10103,NA
"5330",8789,NA
"5331",11351,NA
"5332",10099,NA
"5333",10083,NA
"5334",11135,NA
"5335",10735,NA
"5336",6824,NA
"5337",8762,NA
"5338",8331,NA
"5339",11599,NA
"5340",11603,NA
"5341",8536,NA
"5342",7472,NA
"5343",11648,2000
"5344",9238,NA
"5345",6931,NA
"5346",10214,NA
"5347",11047,2001
"5348",10460,NA
"5349",7747,NA
"5350",9332,NA
"5351",7082,NA
"5352",10702,NA
"5353",7931,NA
"5354",9893,NA
"5355",6831,NA
"5356",9921,1994
"5357",7584,1995
"5358",6407,NA
"5359",8556,NA
"5360",8652,NA
"5361",8262,1996
"5362",10197,NA
"5363",10414,NA
"5364",8195,NA
"5365",7651,1996
"5366",8480,NA
"5367",11318,NA
"5368",9407,NA
"5369",6362,NA
"5370",9419,NA
"5371",11012,NA
"5372",7827,NA
"5373",9083,2000
"5374",10780,NA
"5375",10352,NA
"5376",9952,NA
"5377",8384,NA
"5378",6929,NA
"5379",9781,NA
"5380",7447,NA
"5381",9578,NA
"5382",7182,NA
"5383",11292,NA
"5384",11377,NA
"5385",10169,NA
"5386",7005,1987
"5387",8832,NA
"5388",9880,NA
"5389",6851,NA
"5390",8199,NA
"5391",7317,NA
"5392",9511,NA
"5393",8632,NA
"5394",8921,NA
"5395",8240,NA
"5396",9192,NA
"5397",10694,NA
"5398",7790,NA
"5399",9514,NA
"5400",7400,NA
"5401",11753,NA
"5402",11040,NA
"5403",11686,NA
"5404",6465,NA
"5405",9958,NA
"5406",7482,NA
"5407",6711,NA
"5408",10245,NA
"5409",10313,NA
"5410",7278,NA
"5411",6497,NA
"5412",10067,NA
"5413",11698,NA
"5414",7439,NA
"5415",10507,NA
"5416",6456,NA
"5417",6781,NA
"5418",8589,NA
"5419",9976,NA
"5420",7042,NA
"5421",7140,NA
"5422",9123,NA
"5423",8830,NA
"5424",8182,NA
"5425",10100,NA
"5426",10764,NA
"5427",6979,NA
"5428",11549,NA
"5429",8872,1999
"5430",9124,NA
"5431",10522,NA
"5432",7149,NA
"5433",9303,NA
"5434",10338,NA
"5435",7007,NA
"5436",10549,NA
"5437",8800,NA
"5438",8033,NA
"5439",11592,NA
"5440",10163,NA
"5441",10293,NA
"5442",10673,1997
"5443",8784,NA
"5444",10040,NA
"5445",7466,NA
"5446",10925,NA
"5447",10924,NA
"5448",10683,NA
"5449",6826,NA
"5450",10537,NA
"5451",9818,NA
"5452",6930,NA
"5453",7537,NA
"5454",11676,NA
"5455",11307,NA
"5456",9336,NA
"5457",7023,2001
"5458",7945,NA
"5459",10892,NA
"5460",9634,NA
"5461",7322,NA
"5462",10862,NA
"5463",10516,NA
"5464",7766,NA
"5465",8129,NA
"5466",8504,NA
"5467",9176,NA
"5468",10385,NA
"5469",10287,NA
"5470",10666,NA
"5471",8755,NA
"5472",9125,NA
"5473",11834,NA
"5474",9902,NA
"5475",6823,NA
"5476",8184,NA
"5477",11048,NA
"5478",6969,NA
"5479",7908,NA
"5480",11156,NA
"5481",11818,NA
"5482",11579,NA
"5483",9045,NA
"5484",10303,NA
"5485",9651,NA
"5486",10854,NA
"5487",11036,1998
"5488",9339,NA
"5489",11788,NA
"5490",7367,NA
"5491",7696,NA
"5492",11062,NA
"5493",7720,NA
"5494",8012,NA
"5495",7057,1993
"5496",11824,NA
"5497",10957,NA
"5498",6508,NA
"5499",7794,NA
"5500",9229,NA
"5501",10004,NA
"5502",10632,NA
"5503",8456,NA
"5504",7372,NA
"5505",10977,NA
"5506",8329,NA
"5507",10980,NA
"5508",6404,NA
"5509",11198,NA
"5510",11534,NA
