"","GAUL","Pop","YearInfected","YearInfectedLower","YearInfectedUpper"
"1",10001,31401,NA,NA,NA
"2",10002,4122,2029,2029,2029
"3",10003,4530,2028,2028,2028
"4",10004,33664,2019,2019,2019
"5",10005,582267,2029,2029,2029
"6",10006,10629,2023,2023,2022
"7",10007,327985,2019,2019,2019
"8",10008,34052,2032,2032,2030
"9",10009,10149,2036,2038,2036
"10",1001,797010,2027,2027,2027
"11",10010,4265,2038,NA,2038
"12",10011,5280,2035,2037,2035
"13",10012,141043,2019,2019,2019
"14",10013,25137,2019,2019,2019
"15",10014,33396,2019,2019,2019
"16",10015,12411,2019,2019,2019
"17",10016,18488,2028,2028,2028
"18",10017,9626,2036,NA,2036
"19",10018,11320,2034,2036,2034
"20",10019,5208,2032,2032,2031
"21",1002,45492,2035,2035,2035
"22",10020,11927,2031,2031,2029
"23",10021,10473,2027,2028,2027
"24",10022,24918,2029,2030,2029
"25",10023,49162,2028,2028,2028
"26",10024,12788,2023,2024,2023
"27",10025,3433,NA,NA,NA
"28",10026,19691,2019,2019,2019
"29",10027,5947,2028,2028,2028
"30",10028,11855,2024,2024,2024
"31",10029,2181,2028,2032,2028
"32",1003,54136,2019,2019,2019
"33",10030,1709,2029,2033,2029
"34",10031,7003,2028,2028,2028
"35",10032,44966,2033,2035,2033
"36",10033,6761,2029,2029,2029
"37",10034,26368,2019,2019,2019
"38",10035,10745,2034,2036,2034
"39",10036,22244,2019,2019,2019
"40",10037,8581,2023,2023,2023
"41",10038,21117,2029,2029,2029
"42",10039,26092,2034,2034,2034
"43",1004,15042,2038,NA,2035
"44",1005,99590,2029,2029,2029
"45",1006,41862,2034,2034,2032
"46",1007,49156,2035,2035,2033
"47",1008,8443,2034,2034,2033
"48",1009,19668,2034,2035,2033
"49",1010,18828,2036,NA,2037
"50",1011,35769,2033,2033,2032
"51",11001,84332,2020,2020,2020
"52",11002,109030,2019,2019,2019
"53",11003,160383,2031,2032,2031
"54",11004,64433,2022,2022,2022
"55",11005,85319,2019,2019,2019
"56",11006,5610,2025,2025,2023
"57",11007,468469,2019,2019,2019
"58",11008,37145,2021,2021,2021
"59",11009,77794,2019,2019,2019
"60",11010,11691,NA,NA,NA
"61",11011,88397,2019,2019,2019
"62",11012,27308,2020,2020,2020
"63",11013,23324,2036,2036,2036
"64",11014,148173,2030,2031,2030
"65",11015,171709,2020,2020,2020
"66",11016,20117,2020,2020,2020
"67",11017,529440,2019,2019,2019
"68",11018,36584,2020,2020,2020
"69",11019,50832,NA,NA,NA
"70",11020,1436480,2019,2019,2019
"71",11021,49364,2021,2021,2021
"72",11022,22683,2032,2032,2031
"73",11023,149936,2022,2022,2022
"74",11024,11169,2020,2020,2020
"75",11025,68795,2020,2020,2020
"76",11026,56655,2019,2019,2019
"77",11027,260732,2019,2019,2019
"78",11028,97054,2019,2019,2019
"79",11029,37103,2020,2020,2020
"80",11030,106952,2033,2033,2032
"81",11031,113570,2019,2019,2019
"82",11032,72411,2033,2033,2032
"83",11033,115656,2030,2030,2030
"84",11034,5120,2027,2027,2027
"85",11035,79214,2019,2019,2019
"86",11036,6670,2019,2019,2019
"87",11037,173024,2019,2019,2019
"88",11038,11641,2032,2033,2032
"89",11039,35571,2019,2019,2019
"90",11040,18175,2028,2030,2028
"91",11041,59305,2020,2020,2020
"92",11042,141058,2020,2020,2020
"93",11043,19820,2027,2027,2027
"94",11044,55782,2019,2019,2019
"95",11045,11560,2026,2026,2026
"96",11046,70782,2021,2021,2021
"97",12001,789971,2019,2019,2019
"98",12002,25027,2019,2019,2019
"99",12003,38203,2019,2019,2019
"100",12004,18971,2019,2019,2019
"101",12005,6637,2019,2019,2019
"102",12006,12389,2019,2019,2019
"103",12007,32181,2019,2019,2019
"104",12008,8390,2019,2019,2019
"105",12009,5706,2024,2024,2024
"106",12010,26341,2019,2019,2019
"107",12011,61316,2019,2019,2019
"108",12012,62690,2019,2019,2019
"109",12013,14429,2019,2019,2019
"110",12014,15019,2019,2019,2019
"111",12015,12688,2019,2019,2019
"112",12016,13025,2019,2019,2019
"113",12017,14707,2019,2019,2019
"114",12018,13636,2019,2019,2019
"115",12019,14456,2019,2019,2019
"116",12020,18855,2019,2019,2019
"117",12021,73460,2019,2019,2019
"118",12022,42069,2019,2019,2019
"119",12023,25922,2019,2019,2019
"120",12024,7007,2019,2019,2019
"121",12025,15115,2019,2019,2019
"122",12026,9166,2019,2019,2019
"123",12027,21388,2019,2019,2019
"124",12028,120790,2019,2019,2019
"125",12029,241717,2019,2019,2019
"126",12030,20175,2019,2019,2019
"127",12031,6301,2019,2019,2019
"128",12032,36586,2019,2019,2019
"129",12033,14393,2019,2019,2019
"130",12034,37364,2019,2019,2019
"131",12035,140363,2019,2019,2019
"132",12036,10815,2019,2019,2019
"133",12037,6603,2019,2019,2019
"134",12038,118211,2019,2019,2019
"135",12039,24364,2019,2019,2019
"136",12040,24720,2019,2019,2019
"137",12041,29599,2019,2019,2019
"138",12042,17702,2019,2019,2019
"139",12043,18976,2019,2019,2019
"140",12044,11376,2019,2019,2019
"141",12045,24723,2019,2019,2019
"142",12046,61306,2019,2019,2019
"143",12047,6978,2019,2019,2019
"144",12048,44979,2019,2019,2019
"145",12049,11558,2019,2019,2019
"146",12050,37035,2019,2019,2019
"147",12051,34728,2019,2019,2019
"148",12052,42360,2019,2019,2019
"149",12053,48501,2019,2019,2019
"150",12054,28009,2019,2019,2019
"151",12055,104053,2019,2019,2019
"152",12056,44079,2019,2019,2019
"153",12057,62071,2019,2019,2019
"154",12058,53769,2019,2019,2019
"155",12059,30470,2019,2019,2019
"156",12060,13128,2019,2019,2019
"157",12061,40058,2019,2019,2019
"158",12062,21306,2019,2019,2019
"159",12063,9967,2019,2019,2019
"160",12064,11495,2019,2019,2019
"161",12065,7096,2019,2019,2019
"162",12066,81419,2019,2019,2019
"163",12067,21819,2019,2019,2019
"164",12068,25712,2019,2019,2019
"165",12069,12240,2019,2019,2019
"166",12070,7079,2019,2019,2019
"167",12071,28089,2019,2019,2019
"168",12072,10516,2024,2024,2024
"169",12073,18813,2019,2019,2019
"170",12074,22587,2019,2019,2019
"171",12075,46158,2019,2019,2019
"172",12076,32792,2023,2024,2023
"173",12077,12912,2019,2019,2019
"174",12078,18778,2024,2024,2024
"175",12079,15678,2024,2024,2024
"176",12080,7166,2019,2019,2019
"177",12081,10522,2019,2019,2019
"178",13001,20077,NA,NA,NA
"179",13002,40583,NA,NA,NA
"180",13003,54299,NA,NA,2030
"181",13004,8994,NA,NA,NA
"182",13005,17055,NA,NA,NA
"183",13006,18879,2031,2031,2031
"184",13007,11294,NA,NA,NA
"185",13008,42563,NA,NA,NA
"186",13009,17374,NA,NA,2031
"187",13010,26904,NA,NA,NA
"188",13011,19452,2019,2019,2019
"189",13012,26940,2028,2030,2028
"190",13013,31078,NA,NA,NA
"191",13014,16962,2019,2019,2019
"192",13015,18427,2030,2030,2030
"193",13016,54500,NA,NA,NA
"194",13017,12271,NA,NA,NA
"195",13018,22402,2019,2019,2019
"196",13019,17436,2031,NA,2030
"197",13020,2800,2025,2025,2025
"198",13021,13357,NA,NA,NA
"199",13022,13830,NA,NA,NA
"200",13023,33901,NA,NA,NA
"201",13024,17182,NA,NA,NA
"202",13025,22621,2019,2019,2019
"203",13026,12779,2019,2019,2019
"204",13027,23563,2019,2019,2019
"205",13028,122905,2019,2019,2019
"206",13029,44253,NA,NA,NA
"207",13030,86363,2028,2028,2028
"208",13031,12804,2023,2023,2023
"209",13032,10933,2019,2019,2019
"210",13033,3193,2026,2027,2026
"211",13034,9843,2019,2019,2019
"212",13035,11429,NA,NA,NA
"213",13036,9364,2027,2027,2027
"214",13037,21623,2026,2026,2026
"215",13038,7980,NA,NA,NA
"216",13039,13864,NA,NA,NA
"217",13040,10452,2023,2023,2023
"218",13041,42834,NA,NA,2032
"219",13042,11209,2027,2027,2027
"220",13043,6614,2024,2024,2024
"221",13044,15666,NA,NA,NA
"222",13045,8963,NA,NA,2031
"223",13046,39181,2019,2019,2019
"224",13047,5049,2024,2024,2024
"225",13048,267862,NA,NA,NA
"226",13049,18244,2019,2019,2019
"227",13050,22217,NA,NA,2031
"228",13051,127404,NA,NA,NA
"229",13052,32057,NA,NA,NA
"230",13053,18137,2020,2020,2020
"231",13054,32773,NA,NA,2031
"232",13055,16014,NA,NA,NA
"233",13056,33495,NA,NA,NA
"234",13057,14851,NA,NA,NA
"235",13058,16865,2026,2026,2026
"236",13059,35067,2028,2029,2028
"237",13060,17206,2028,2028,2028
"238",13061,51664,NA,NA,NA
"239",13062,29125,2019,2019,2019
"240",13063,80612,NA,NA,NA
"241",13064,9940,NA,NA,NA
"242",13065,11112,NA,NA,NA
"243",13066,11654,NA,NA,NA
"244",13067,48025,NA,NA,NA
"245",13068,14037,2019,2019,2019
"246",13069,97461,NA,NA,NA
"247",13070,17153,NA,NA,NA
"248",13071,9753,2024,2024,2024
"249",13072,10248,NA,NA,NA
"250",13073,36382,2019,2019,2019
"251",13074,26758,NA,NA,NA
"252",13075,13228,NA,NA,NA
"253",13076,103919,NA,NA,NA
"254",13077,151584,NA,NA,NA
"255",13078,19067,2019,2019,2019
"256",13079,7320,2024,2024,2024
"257",13080,23607,2019,2019,2019
"258",13081,32437,2028,2028,2028
"259",13082,18036,NA,NA,NA
"260",13083,39143,NA,NA,NA
"261",13084,38516,2025,2025,2025
"262",14001,21206,2019,2019,2019
"263",14002,23241,2019,2019,2019
"264",14003,21714,2019,2019,2019
"265",14004,5545,2019,2019,2019
"266",14005,14648,2019,2019,2019
"267",14006,57340,2019,2019,2019
"268",14007,8896,2019,2019,2019
"269",14008,72812,NA,NA,NA
"270",14009,17545,2019,2019,2019
"271",14010,6655,2033,2033,2033
"272",14011,5400,2029,2029,2027
"273",14012,4115,2019,2019,2019
"274",14013,57717,2019,2019,2019
"275",14014,8276,2019,2019,2019
"276",14015,57559,2019,2019,2019
"277",14016,38291,2019,2019,2019
"278",14017,12664,2019,2019,2019
"279",14018,64269,2019,2019,2019
"280",14019,6820,2019,2019,2019
"281",14020,10029,2019,2019,2019
"282",14021,21475,2019,2019,2019
"283",14022,39020,2019,2019,2019
"284",14023,100534,2019,2019,2019
"285",14024,26174,2019,2019,2019
"286",14025,18091,2019,2019,2019
"287",14026,5933,2035,2035,2035
"288",14027,17322,2022,2022,2022
"289",14028,2171,2019,2019,2019
"290",14029,17795,2019,2019,2019
"291",14030,48839,2019,2019,2019
"292",14031,3771,2019,2019,2019
"293",14032,5814,2020,2020,2020
"294",14033,21132,2020,2020,2020
"295",14034,2082,2019,2019,2019
"296",14035,51396,2032,2035,2032
"297",14036,18632,2019,2019,2019
"298",14037,23845,2019,2019,2019
"299",14038,4323,2019,2019,2019
"300",14039,1495189,2019,2019,2019
"301",14040,10284,2019,2019,2019
"302",14041,6084,2020,2020,2020
"303",14042,8781,2019,2019,2019
"304",14043,23428,2019,2019,2019
"305",14044,41060,2019,2019,2019
"306",14045,19005,2019,2019,2019
"307",14046,31948,2031,2032,2031
"308",14047,22881,2019,2019,2019
"309",14048,18634,NA,NA,NA
"310",14049,9545,2019,2019,2019
"311",14050,42164,2019,2019,2019
"312",14051,13218,2019,2019,2019
"313",14052,5515,2019,2019,2019
"314",14053,153817,2035,2035,2032
"315",14054,5499,2019,2019,2019
"316",14055,21321,2019,2019,2019
"317",14056,2517,2028,2028,2027
"318",14057,3755,2019,2019,2019
"319",14058,14245,2019,2019,2019
"320",14059,13225,2021,2021,2021
"321",14060,6034,2019,2019,2019
"322",14061,18084,2020,2020,2020
"323",14062,3574,2019,2019,2019
"324",14063,92967,2019,2019,2019
"325",14064,30097,2031,2031,2029
"326",14065,12119,2019,2019,2019
"327",14066,48408,2019,2019,2019
"328",14067,255681,2019,2019,2019
"329",14068,11623,2019,2019,2019
"330",14069,8691,2022,2022,2022
"331",14070,138226,2019,2019,2019
"332",14071,3176,2019,2019,2019
"333",14072,6647,2021,2021,2021
"334",14073,65219,2031,2031,2030
"335",14074,15454,2032,2032,2031
"336",14075,3762,2019,2019,2019
"337",14076,3405,2019,2019,2019
"338",14077,26306,2019,2019,2019
"339",14078,31166,2032,2032,2032
"340",14079,14011,2019,2019,2019
"341",14080,5755,2019,2019,2019
"342",14081,3726,2019,2019,2019
"343",14082,34829,2019,2019,2019
"344",14083,69031,2019,2019,2019
"345",14084,14410,2019,2019,2019
"346",14085,37986,2019,2019,2019
"347",14086,18096,2031,2031,2031
"348",14087,16847,2019,2019,2019
"349",14088,16573,2019,2019,2019
"350",14089,3511,2019,2019,2019
"351",14090,7051,2019,2019,2019
"352",14091,40105,2030,2030,2030
"353",14092,10837,2019,2019,2019
"354",14093,136123,2020,2020,2020
"355",14094,40697,2019,2019,2019
"356",14095,9088,2019,2019,2019
"357",14096,20857,2019,2019,2019
"358",14097,416626,2019,2019,2019
"359",14098,608114,2019,2019,2019
"360",14099,9591,2019,2019,2019
"361",14100,35050,2019,2019,2019
"362",14101,478689,2019,2019,2019
"363",14102,5930,2019,2019,2019
"364",14103,7256,2019,2019,2019
"365",14104,4435,2020,2020,2020
"366",14105,21871,2019,2019,2019
"367",14106,4234,2019,2019,2019
"368",14107,6316,2019,2019,2019
"369",14108,34182,2019,2019,2019
"370",14109,17325,2031,2031,2029
"371",14110,13737,2019,2019,2019
"372",14111,6705,2021,2021,2021
"373",14112,5798,2022,2022,2022
"374",14113,15310,2019,2019,2019
"375",14114,16969,2019,2019,2019
"376",14115,5638,2020,2020,2020
"377",14116,18711,2031,2031,2030
"378",14117,4152,2019,2019,2019
"379",14118,22284,2019,2019,2019
"380",14119,27901,2019,2019,2019
"381",14120,1243756,2019,2019,2019
"382",14121,29192,2019,2019,2019
"383",14122,6685,2019,2019,2019
"384",14123,17585,2019,2019,2019
"385",14124,63636,2019,2019,2019
"386",14125,17626,2032,2035,2032
"387",15001,60918,NA,NA,NA
"388",15002,136558,NA,NA,2037
"389",15003,44823,NA,NA,NA
"390",15004,14856,2031,2031,2031
"391",15005,147653,NA,NA,NA
"392",15006,10886,NA,NA,NA
"393",15007,22868,NA,NA,NA
"394",15008,26334,2019,2019,2019
"395",15009,48421,NA,NA,NA
"396",15010,27521,NA,NA,NA
"397",15011,56243,NA,NA,2039
"398",15012,10299,2019,2019,2019
"399",15013,489937,NA,NA,2038
"400",15014,93718,NA,NA,NA
"401",15015,27663,NA,NA,NA
"402",15016,25559,NA,NA,NA
"403",15017,8864,NA,NA,NA
"404",15018,47033,NA,NA,NA
"405",15019,34101,NA,NA,NA
"406",15020,278064,NA,NA,2039
"407",15021,36174,NA,NA,NA
"408",15022,12142,NA,NA,NA
"409",15023,39030,NA,NA,NA
"410",15024,140059,NA,NA,NA
"411",15025,310130,NA,NA,2038
"412",15026,27551,NA,NA,NA
"413",15027,9676,NA,NA,NA
"414",15028,26191,NA,NA,NA
"415",15029,175053,NA,NA,2038
"416",15030,22819,NA,NA,NA
"417",15031,614453,2039,2039,2037
"418",15032,33455,2033,2033,2033
"419",15033,1656107,2039,2039,2036
"420",15034,9369,NA,NA,NA
"421",15035,100023,NA,NA,NA
"422",15036,39864,NA,NA,NA
"423",15037,242167,NA,NA,2039
"424",15038,10308,NA,NA,NA
"425",15039,467361,NA,NA,2037
"426",15040,33541,2030,2030,2030
"427",15041,6629,2022,2022,2022
"428",15042,141482,NA,NA,NA
"429",15043,26865,NA,NA,NA
"430",15044,26328,NA,NA,NA
"431",15045,83755,NA,NA,NA
"432",15046,17970,NA,NA,NA
"433",15047,69031,NA,NA,NA
"434",15048,61204,NA,NA,NA
"435",15049,12840,NA,NA,NA
"436",15050,23497,NA,NA,NA
"437",15051,134799,NA,NA,NA
"438",15052,25624,2019,2019,2019
"439",15053,50240,NA,NA,NA
"440",15054,214162,NA,NA,NA
"441",15055,11712,NA,NA,NA
"442",15056,28426,NA,NA,NA
"443",15057,833779,NA,NA,2038
"444",15058,1110565,2038,2038,2035
"445",15059,31691,NA,NA,NA
"446",15060,366602,NA,NA,2039
"447",15061,8895,NA,NA,NA
"448",15062,61805,NA,NA,NA
"449",15063,31803,2039,2039,2039
"450",15064,34446,NA,NA,NA
"451",15065,34232,NA,NA,NA
"452",15066,4864,2019,2019,2019
"453",15067,78146,NA,NA,NA
"454",15068,27207,NA,NA,NA
"455",15069,4147,NA,NA,NA
"456",15070,253845,2039,2039,2036
"457",15071,13002,NA,NA,NA
"458",15072,12748,NA,NA,NA
"459",15073,22152,NA,NA,NA
"460",15074,121396,NA,NA,NA
"461",15075,24851,NA,NA,NA
"462",15076,72579,NA,NA,NA
"463",15077,6272,2019,2019,2019
"464",15078,9111,2019,2019,2019
"465",15079,11798,NA,NA,NA
"466",15080,25809,2019,2019,2019
"467",15081,364579,NA,NA,2038
"468",15082,71077,2019,2019,2019
"469",15083,11206,NA,NA,NA
"470",15084,35987,NA,NA,NA
"471",15085,62695,NA,NA,NA
"472",15086,32870,NA,NA,NA
"473",15087,90010,NA,NA,NA
"474",15088,90946,NA,NA,NA
"475",15089,10578,NA,NA,NA
"476",15090,77965,NA,NA,NA
"477",15091,63115,NA,NA,NA
"478",15092,53010,NA,NA,NA
"479",15093,27944,NA,NA,NA
"480",15094,18327,NA,NA,NA
"481",15095,88559,NA,NA,NA
"482",15096,33907,NA,NA,NA
"483",15097,17390,NA,NA,NA
"484",15098,5111,2038,2038,2038
"485",15099,235151,NA,NA,2038
"486",15100,35199,NA,NA,2038
"487",15101,70682,NA,NA,NA
"488",15102,15391,NA,NA,NA
"489",15103,46130,NA,NA,NA
"490",15104,664225,NA,NA,2037
"491",15105,32997,2019,2019,2019
"492",15106,819561,NA,NA,NA
"493",15107,12099,2019,2019,2019
"494",15108,131567,NA,NA,NA
"495",15109,486998,NA,NA,2039
"496",15110,61599,2034,2034,2034
"497",15111,47709,2038,NA,NA
"498",15112,44881,NA,NA,NA
"499",15113,59991,NA,NA,NA
"500",15114,94369,NA,NA,NA
"501",15115,46331,NA,NA,NA
"502",15116,4051,2019,2019,2019
"503",15117,15121,2019,2019,2019
"504",15118,167759,NA,NA,NA
"505",15119,16365,2020,2020,2020
"506",15120,159647,NA,NA,NA
"507",15121,511675,NA,NA,2038
"508",15122,357645,NA,NA,2037
"509",15123,27781,2019,2019,2019
"510",15124,91345,NA,NA,NA
"511",15125,10216,NA,NA,NA
"512",16001,10987,2038,NA,NA
"513",16002,16214,2019,2019,2019
"514",16003,20913,2024,2024,2024
"515",16004,14684,2020,2020,2020
"516",16005,10768,NA,NA,NA
"517",16006,123649,2019,2019,2019
"518",16007,3218,NA,NA,NA
"519",16008,23536,2019,2019,2019
"520",16009,34848,2027,2027,2023
"521",16010,21790,2019,2019,2019
"522",16011,10653,2019,2019,2019
"523",16012,42234,2019,2019,2019
"524",16013,9212,2019,2019,2019
"525",16014,14136,2019,2019,2019
"526",16015,17615,2019,2019,2019
"527",16016,20492,NA,NA,2039
"528",16017,32954,NA,NA,NA
"529",16018,8952,2020,2020,2020
"530",16019,19644,2028,2028,2028
"531",16020,28227,2019,2019,2019
"532",16021,12163,2036,NA,2036
"533",16022,21723,2019,2019,2019
"534",16023,9975,2019,2019,2019
"535",16024,18141,NA,NA,NA
"536",16025,36293,NA,NA,NA
"537",16026,5271,2019,2019,2019
"538",16027,5166,2020,2020,2020
"539",16028,5564,2030,2030,2030
"540",16029,14366,2019,2019,2019
"541",16030,12855,2019,2019,2019
"542",16031,16218,NA,NA,NA
"543",16032,14555,NA,NA,NA
"544",16033,21294,2019,2019,2019
"545",16034,117620,NA,NA,NA
"546",16035,32757,2019,2019,2019
"547",16036,11592,2021,2021,2021
"548",16037,7983,2024,2024,2024
"549",16038,41937,2019,2019,2019
"550",16039,7925,NA,NA,NA
"551",16040,16427,2025,2025,2025
"552",16041,14766,2038,NA,2039
"553",16042,13584,2019,2019,2019
"554",16043,64011,2019,2019,2019
"555",16044,13275,2028,2029,2028
"556",16045,34199,2019,2019,2019
"557",16046,13604,2019,2019,2019
"558",16047,19986,2019,2019,2019
"559",16048,5506,NA,NA,NA
"560",16049,17427,2020,2020,2020
"561",16050,80258,NA,NA,NA
"562",16051,13031,2034,2034,2034
"563",16052,178817,2019,2019,2019
"564",16053,729279,2019,2019,2019
"565",16054,8091,NA,NA,NA
"566",16055,44963,2019,2019,2019
"567",16056,27174,NA,NA,NA
"568",16057,7799,2019,2019,2019
"569",16058,18834,NA,NA,NA
"570",16059,8240,2019,2019,2019
"571",16060,9599,2019,2019,2019
"572",16061,22628,NA,NA,NA
"573",16062,19450,2019,2019,2019
"574",16063,16064,2027,2028,2027
"575",16064,25343,2019,2019,2019
"576",16065,34721,2036,2038,2034
"577",16066,87794,2024,2026,2024
"578",16067,17159,2028,2028,2028
"579",16068,25296,2019,2019,2019
"580",16069,99576,2019,2019,2019
"581",16070,15306,2032,2032,2031
"582",16071,67837,2019,2019,2019
"583",16072,13550,NA,NA,NA
"584",16073,25592,2035,2036,2034
"585",16074,9980,2019,2019,2019
"586",16075,64141,2019,2019,2019
"587",16076,72841,2019,2019,2019
"588",16077,18461,2019,2019,2019
"589",16078,12618,2028,2028,2028
"590",16079,45217,2035,2038,2035
"591",16080,18427,NA,NA,NA
"592",16081,8704,2019,2019,2019
"593",16082,69955,2019,2019,2019
"594",16083,29414,2023,2023,2023
"595",16084,27822,2022,2022,2022
"596",16085,32677,2024,2024,2024
"597",16086,15176,2019,2019,2019
"598",16087,13558,2019,2019,2019
"599",16088,78623,2022,2022,2022
"600",16089,22987,2019,2019,2019
"601",16090,13950,2023,2023,2023
"602",16091,13511,2023,2023,2023
"603",16092,14274,2019,2019,2019
"604",16093,27587,NA,NA,NA
"605",16094,6890,2028,2028,2028
"606",16095,11504,2019,2019,2019
"607",16096,7890,2019,2019,2019
"608",16097,31877,2019,2019,2019
"609",16098,26026,2034,2034,2034
"610",16099,16305,2019,2019,2019
"611",16100,13556,2019,2019,2019
"612",16101,9166,2019,2019,2019
"613",16102,315350,2019,2019,2019
"614",16103,23457,2019,2019,2019
"615",16104,16991,2019,2019,2019
"616",16105,18995,2019,2019,2019
"617",16106,29995,2019,2019,2019
"618",16107,73455,NA,NA,NA
"619",16108,186102,2019,2019,2019
"620",16109,3247,2019,2019,2019
"621",16110,46666,2030,2031,2030
"622",16111,15222,2019,2019,2019
"623",16112,155534,NA,NA,NA
"624",16113,25576,2019,2019,2019
"625",17001,17021,2019,2019,2019
"626",17002,18895,2019,2019,2019
"627",17003,33695,2019,2019,2019
"628",17004,78866,2019,2019,2019
"629",17005,9471,2019,2019,2019
"630",17006,175207,2019,2019,2019
"631",17007,365168,2019,2019,2019
"632",17008,83485,2019,2019,2019
"633",17009,17340,2019,2019,2019
"634",17010,15646,2019,2019,2019
"635",17011,196953,2019,2019,2019
"636",17012,55115,2019,2019,2019
"637",17013,14604,2019,2019,2019
"638",17014,9456,2019,2019,2019
"639",17015,24990,2019,2019,2019
"640",17016,16858,2023,2023,2023
"641",17017,61585,2019,2019,2019
"642",17018,108126,2019,2019,2019
"643",17019,25346,2019,2019,2019
"644",17020,41629,2019,2019,2019
"645",17021,7441,2019,2019,2019
"646",17022,19138,2019,2019,2019
"647",17023,6636,2019,2019,2019
"648",17024,48881,2019,2019,2019
"649",17025,31534,2019,2019,2019
"650",17026,16543,2019,2019,2019
"651",17027,10789,2019,2019,2019
"652",17028,63382,2019,2019,2019
"653",17029,97827,2019,2019,2019
"654",17030,46809,2019,2019,2019
"655",17031,35063,2019,2019,2019
"656",17032,9087,2019,2019,2019
"657",17033,14641,2019,2019,2019
"658",18001,36572,2019,2019,2019
"659",18002,15229,2019,2019,2019
"660",18003,11188,2019,2019,2019
"661",18004,70399,2019,2019,2019
"662",18005,11400,2019,2019,2019
"663",18006,27273,2019,2019,2019
"664",18007,17698,2019,2019,2019
"665",18008,49102,2019,2019,2019
"666",18009,34300,2019,2019,2019
"667",18010,34393,2019,2019,2019
"668",18011,23469,2019,2019,2019
"669",18012,43120,2019,2019,2019
"670",18013,7510,2019,2019,2019
"671",18014,22412,2019,2019,2019
"672",18015,93074,2019,2019,2019
"673",18016,39756,2019,2019,2019
"674",18017,380249,2019,2019,2019
"675",18018,30030,2019,2019,2019
"676",18019,13600,2019,2019,2019
"677",18020,124205,2019,2019,2019
"678",19001,2791,2019,2019,2019
"679",19002,3443,2019,2019,2019
"680",19003,1374,2019,2019,2019
"681",19004,32593,2019,2019,2019
"682",19005,18480,2019,2019,2019
"683",19006,523370,2019,2019,2019
"684",19007,15470,2019,2019,2019
"685",19008,3773,2019,2019,2019
"686",19009,86445,2019,2019,2019
"687",19010,16092,2019,2019,2019
"688",19011,7855,2019,2019,2019
"689",19012,24526,2019,2019,2019
"690",19013,10864,2019,2019,2019
"691",19014,35445,2019,2019,2019
"692",19015,1716,2019,2019,2019
"693",19016,3345,2019,2019,2019
"694",19017,39991,2019,2019,2019
"695",19018,143668,2019,2019,2019
"696",19019,122659,2019,2019,2019
"697",19020,5527,2019,2019,2019
"698",19021,357937,2019,2019,2019
"699",19022,14437,2019,2019,2019
"700",19023,1277,2021,2021,2020
"701",19024,5942,2034,2034,2034
"702",19025,55213,2019,2019,2019
"703",19026,678006,2019,2019,2019
"704",19027,2030,2019,2019,2019
"705",19028,1594,2019,2019,2019
"706",19029,6914,2019,2019,2019
"707",19030,3558,2019,2019,2019
"708",19031,256970,2019,2019,2019
"709",19032,5349,2019,2019,2019
"710",19033,78669,2019,2019,2019
"711",19034,5488,2019,2019,2019
"712",19035,862,2019,2019,2019
"713",19036,7095,2019,2019,2019
"714",19037,5447,2019,2019,2019
"715",19038,59113,2019,2019,2019
"716",19039,1135550,2019,2019,2019
"717",19040,1034,2019,2019,2019
"718",19041,20843,2019,2019,2019
"719",19042,5359,2019,2019,2019
"720",19043,2628,2019,2019,2019
"721",19044,34671,2019,2019,2019
"722",19045,32660,2019,2019,2019
"723",19046,443273,2019,2019,2019
"724",19047,16604,2019,2019,2019
"725",19048,268955,2019,2019,2019
"726",19049,40469,2019,2019,2019
"727",19050,1971,2019,2019,2019
"728",19051,4113,2019,2019,2019
"729",20001,1084,2025,2025,2025
"730",20002,44885,2019,2019,2019
"731",20003,2495,2039,NA,NA
"732",20004,1012,2026,2026,2026
"733",20005,14751,2019,2019,2019
"734",20006,17820,NA,NA,NA
"735",20007,2612,2021,2021,2021
"736",20008,842,2019,2019,2019
"737",20009,6720,2019,2019,2019
"738",2001,466814,2027,2027,2027
"739",20010,13608,2019,2019,2019
"740",20011,1220,2022,2022,2022
"741",20012,9860,2019,2019,2019
"742",20013,2785,2021,2021,2021
"743",20014,26450,2019,2019,2019
"744",20015,4712,2019,2019,2019
"745",20016,8531,2023,2023,2023
"746",20017,3302,2019,2019,2019
"747",20018,834,2033,2033,2033
"748",20019,3071,2037,2037,NA
"749",2002,936826,2019,2019,2019
"750",20020,3860,2023,2023,2023
"751",20021,14667,2019,2019,2019
"752",20022,866,2019,2019,2019
"753",20023,18428,2019,2019,2019
"754",20024,3846,2022,2022,2021
"755",20025,11105,2019,2019,2019
"756",20026,8481,NA,NA,NA
"757",20027,2458,2037,2037,NA
"758",20028,19679,2019,2019,2019
"759",20029,4263,2019,2019,2019
"760",2003,101079,2030,2030,2030
"761",20030,8310,2019,2019,2019
"762",20031,7362,2032,2032,2032
"763",20032,1033,2019,2019,2019
"764",20033,2433,2019,2019,2019
"765",20034,1425,2019,2019,2019
"766",20035,544,2031,2031,2030
"767",20036,5285,2019,2019,2019
"768",20037,4402,2021,2021,2021
"769",20038,2112,2019,2019,2019
"770",20039,69839,2019,2019,2019
"771",2004,1559683,2028,2028,2028
"772",20040,5995,2019,2019,2019
"773",20041,30004,2025,2025,2025
"774",20042,7674,2019,2019,2019
"775",20043,93038,2019,2019,2019
"776",20044,41535,2019,2019,2019
"777",20045,7522,2019,2019,2019
"778",20046,3313,NA,NA,NA
"779",20047,93,NA,NA,NA
"780",20048,1304,2019,2019,2019
"781",20049,1141,2019,2019,2019
"782",2005,90668,2028,2028,2028
"783",20050,3778,2037,2037,NA
"784",20051,4368,2019,2019,2019
"785",20052,6182,2019,2019,2019
"786",20053,1221,2019,2019,2019
"787",20054,409,NA,NA,NA
"788",20055,3530,2019,2019,2019
"789",20056,1451,2019,2019,2019
"790",20057,38019,2019,2019,2019
"791",20058,13435,2021,2021,2020
"792",20059,41387,2019,2019,2019
"793",20060,2770,2034,2034,2034
"794",20061,2568,2028,2028,2028
"795",20062,586,2037,2038,NA
"796",20063,3882,2019,2019,2019
"797",20064,7390,2019,2019,2019
"798",20065,1182,2027,2027,2026
"799",20066,5353,2019,2019,2019
"800",20067,263357,2019,2019,2019
"801",20068,21341,2019,2019,2019
"802",20069,2446,2019,2019,2019
"803",20070,6629,2019,2019,2019
"804",20071,3060,2019,2019,2019
"805",20072,6579,2022,2022,2022
"806",20073,31897,2019,2019,2019
"807",20074,505,NA,NA,NA
"808",20075,2671,2019,2019,2019
"809",20076,3331,2019,2019,2019
"810",20077,3568,2019,2019,2019
"811",20078,1092,2034,2034,2034
"812",20079,82371,2019,2019,2019
"813",20080,1312,2019,2019,2019
"814",20081,1914,2019,2019,2019
"815",20082,3952,2019,2019,2019
"816",20083,8089,2019,2019,2019
"817",20084,3893,2019,2019,2019
"818",20085,22565,2019,2019,2019
"819",20086,874,2019,2019,2019
"820",20087,4075,2019,2019,2019
"821",20088,2851,2022,2023,2022
"822",20089,2152,2019,2019,2019
"823",20090,5867,2019,2019,2019
"824",20091,4879,2019,2019,2019
"825",20092,1439,2019,2019,2019
"826",20093,505,NA,NA,NA
"827",20094,1898,2026,2026,2026
"828",20095,3990,2022,2022,2022
"829",20096,772,NA,NA,NA
"830",20097,1740,2026,2026,2024
"831",20098,4427,2019,2019,2019
"832",20099,475,2034,2034,2030
"833",20100,497,NA,NA,NA
"834",20101,726,2037,2037,2037
"835",20102,4405,2019,2019,2019
"836",20103,5651,2019,2019,2019
"837",20104,2508,2019,2019,2019
"838",20105,6650,2021,2021,2021
"839",20106,297,NA,NA,NA
"840",20107,21456,2019,2019,2019
"841",20108,4289,2024,2024,2024
"842",20109,1233,2019,2019,2019
"843",20110,1603,2037,2037,2037
"844",20111,4394,2019,2019,2019
"845",20112,2439,2019,2019,2019
"846",20113,2832,2025,2025,2025
"847",20114,677,2025,2025,2023
"848",20115,8684,2019,2019,2019
"849",20116,4052,2022,2023,2022
"850",20117,2422,2019,2019,2019
"851",20118,2470,2025,2025,2025
"852",20119,399,NA,NA,NA
"853",20120,368,2027,2030,2027
"854",20121,655,NA,NA,NA
"855",20122,677,2019,2019,2019
"856",20123,2705,2019,2019,2019
"857",20124,17094,2019,2019,2019
"858",20125,11813,2019,2019,2019
"859",20126,5024,2027,2027,2027
"860",20127,1283,2038,2038,NA
"861",20128,1230,2027,2027,2026
"862",20129,334,NA,NA,NA
"863",20130,5098,2019,2019,2019
"864",20131,10500,2021,2021,2021
"865",20132,1245,2019,2019,2019
"866",20133,3974,NA,NA,NA
"867",20134,26838,2019,2019,2019
"868",20135,7187,2023,2023,2023
"869",20136,11575,2019,2019,2019
"870",20137,3427,2019,2019,2019
"871",20138,460,2035,2037,2035
"872",20139,2136,2019,2019,2019
"873",20140,827,NA,NA,NA
"874",20141,7232,2019,2019,2019
"875",20142,1160,2032,2032,2032
"876",20143,8959,2019,2019,2019
"877",20144,1110,NA,NA,2025
"878",20145,3474,2019,2019,2019
"879",20146,2666,2020,2020,2020
"880",20147,378,NA,NA,NA
"881",20148,1945,2019,2019,2019
"882",20149,1509,2019,2019,2019
"883",20150,11893,2019,2019,2019
"884",20151,394,NA,NA,NA
"885",20152,2152,2026,2026,2026
"886",20153,4733,2019,2019,2019
"887",20154,2393,2029,2029,2029
"888",20155,940,2037,2037,2037
"889",20156,3478,2019,2019,2019
"890",20157,13860,2019,2019,2019
"891",20158,2231,2021,2021,2021
"892",20159,5449,2027,2027,2026
"893",20160,1449,2025,2025,2025
"894",20161,2559,2027,2027,2027
"895",20162,1848,2028,2030,2027
"896",20163,1606,2039,NA,NA
"897",20164,3215,2020,2021,2020
"898",20165,1511,2019,2019,2019
"899",20166,11019,2019,2019,2019
"900",20167,2094,2032,2033,2032
"901",20168,977,2019,2019,2019
"902",20169,3684,2024,2024,2024
"903",20170,3849,2019,2019,2019
"904",20171,18478,2027,2027,2027
"905",20172,430,NA,NA,NA
"906",20173,1517,2019,2019,2019
"907",20174,3759,2019,2019,2019
"908",20175,1724,2025,2025,2025
"909",20176,2808,NA,NA,NA
"910",20177,9441,2019,2019,2019
"911",20178,6287,2019,2019,2019
"912",20179,1462,2019,2019,2019
"913",20180,2325,2019,2019,2019
"914",20181,417,2026,2026,2025
"915",20182,2292,2019,2019,2019
"916",20183,1447,2019,2019,2019
"917",20184,155766,2019,2019,2019
"918",20185,8680,2019,2019,2019
"919",20186,605,2026,2026,2026
"920",20187,2535,2023,2035,2023
"921",20188,9494,2019,2019,2019
"922",20189,2517,2026,2026,2026
"923",20190,22356,2019,2019,2019
"924",20191,320,2032,2032,2031
"925",20192,1442,2021,2021,2021
"926",20193,2546,2019,2019,2019
"927",20194,1231,2026,2026,2026
"928",20195,1256,NA,NA,NA
"929",20196,404,2031,2031,2030
"930",20197,3047,2019,2019,2019
"931",20198,28142,2019,2019,2019
"932",20199,713,2026,2026,2025
"933",20200,3924,2027,2027,2027
"934",20201,1832,2025,2025,2025
"935",20202,4531,2019,2019,2019
"936",20203,3285,2019,2019,2019
"937",20204,715,2019,2019,2019
"938",20205,17398,2019,2019,2019
"939",20206,2357,2019,2019,2019
"940",20207,17100,2019,2019,2019
"941",20208,7611,2019,2019,2019
"942",20209,711,2038,2038,NA
"943",20210,6666,2039,NA,NA
"944",20211,3168,NA,NA,NA
"945",20212,2807,2019,2019,2019
"946",20213,3628,2019,2019,2019
"947",20214,2313,2031,2031,2027
"948",20215,764,NA,NA,NA
"949",20216,1331,2037,2037,2039
"950",20217,3446,2024,2024,2024
"951",20218,607,NA,NA,NA
"952",20219,2565,2019,2019,2019
"953",20220,2773,2019,2019,2019
"954",20221,1340,NA,NA,NA
"955",20222,1530,2026,2026,2026
"956",20223,452,2019,2019,2019
"957",20224,684,NA,NA,NA
"958",20225,5955,2019,2019,2019
"959",20226,2708,2021,2021,2021
"960",20227,13704,2019,2019,2019
"961",20228,771,NA,NA,NA
"962",20229,7048,2019,2019,2019
"963",20230,1007,2019,2019,2019
"964",20231,3026,2023,2023,2023
"965",20232,21514,2019,2019,2019
"966",20233,1745,2026,2027,2026
"967",20234,7554,2032,2032,2021
"968",20235,3624,2022,2022,2022
"969",20236,1525,2023,2023,2023
"970",20237,1557,2019,2019,2019
"971",20238,816,2024,2024,2024
"972",20239,1077,NA,NA,NA
"973",20240,2460,2019,2019,2019
"974",20241,1084,2019,2019,2019
"975",20242,11361,2035,2035,2035
"976",20243,1742,2019,2019,2019
"977",20244,3669,2019,2019,2019
"978",20245,1277,2019,2019,2019
"979",20246,620,2020,2020,2020
"980",20247,1467,2037,2037,NA
"981",20248,14252,2019,2019,2019
"982",20249,3475,2028,2028,2028
"983",20250,1181,NA,NA,NA
"984",20251,1180,2019,2019,2019
"985",20252,2116,2032,2034,2032
"986",20253,2226,2019,2019,2019
"987",20254,3308,2021,2034,2021
"988",20255,2086,2030,2031,2030
"989",20256,234,2019,2019,2019
"990",20257,1091,2025,2025,2024
"991",20258,744,NA,NA,NA
"992",20259,2465,2019,2019,2019
"993",20260,2488,NA,NA,NA
"994",20261,7244,2019,2019,2019
"995",20262,1043,2026,2026,2025
"996",20263,3483,2026,2027,2026
"997",20264,2274,NA,NA,NA
"998",20265,6608,2019,2019,2019
"999",20266,8481,2019,2019,2019
"1000",20267,294,2036,2036,2036
"1001",20268,916,2019,2019,2019
"1002",20269,4127,NA,NA,NA
"1003",20270,1399,NA,NA,NA
"1004",20271,3245,2024,2025,2024
"1005",20272,6161,2019,2019,2019
"1006",20273,3497,NA,NA,NA
"1007",20274,1296,2034,2034,2032
"1008",20275,7293,2024,2024,2024
"1009",20276,801,2037,2037,2035
"1010",20277,12525,2019,2019,2019
"1011",20278,36564,2019,2019,2019
"1012",20279,2911,2019,2019,2019
"1013",20280,2394,2019,2019,2019
"1014",20281,308,NA,NA,NA
"1015",20282,794,2026,2026,2026
"1016",20283,1042,NA,NA,NA
"1017",20284,3160,2021,2021,2021
"1018",20285,3386,2019,2019,2019
"1019",20286,3220,2026,2026,2024
"1020",20287,346,NA,NA,NA
"1021",20288,611,2029,2031,2029
"1022",20289,1143,2020,2020,2020
"1023",20290,1012,2019,2019,2019
"1024",20291,4167,2027,2028,2027
"1025",20292,1388,2019,2019,2019
"1026",20293,15535,2019,2019,2019
"1027",20294,6307,2019,2019,2019
"1028",20295,9025,2019,2019,2019
"1029",20296,929,2025,2025,2025
"1030",20297,2150,2037,2037,2037
"1031",20298,11825,2019,2019,2019
"1032",20299,1108,2031,2035,2027
"1033",20300,6468,2019,2019,2019
"1034",20301,1544,2019,2019,2019
"1035",20302,4136,2019,2019,2019
"1036",20303,1172,2027,2036,2027
"1037",20304,851,NA,NA,NA
"1038",20305,3944,2019,2019,2019
"1039",20306,3903,2019,2019,2019
"1040",20307,9594,2019,2019,2019
"1041",20308,2839,2019,2019,2019
"1042",20309,10371,2019,2019,2019
"1043",20310,6822,2019,2019,2019
"1044",20311,458,2036,2036,2036
"1045",20312,11555,2019,2019,2019
"1046",20313,834,2037,2037,2037
"1047",20314,1693,2019,2019,2019
"1048",20315,1711,2019,2019,2019
"1049",20316,753,2023,2025,2022
"1050",20317,1405,NA,NA,NA
"1051",20318,42860,2019,2019,2019
"1052",20319,1099,NA,NA,NA
"1053",20320,723,NA,NA,NA
"1054",20321,840,NA,NA,NA
"1055",20322,884,2035,2035,2032
"1056",20323,2135,2027,2027,2026
"1057",20324,43860,2019,2019,2019
"1058",20325,10491,2021,2021,2021
"1059",20326,4957,2019,2019,2019
"1060",20327,13992,2019,2019,2019
"1061",20328,1173,2027,2027,2026
"1062",20329,1320,2019,2019,2019
"1063",20330,4277,2019,2019,2019
"1064",20331,894,NA,NA,NA
"1065",20332,406,NA,NA,NA
"1066",20333,2603,2019,2019,2019
"1067",20334,43913,2019,2019,2019
"1068",20335,1002,2019,2019,2019
"1069",20336,2267,2019,2019,2019
"1070",20337,5602,2019,2019,2019
"1071",20338,9280,2019,2019,2019
"1072",20339,3989,NA,NA,NA
"1073",20340,1878,2019,2019,2019
"1074",20341,232,NA,NA,NA
"1075",20342,2079,2019,2019,2019
"1076",20343,1849,2019,2019,2019
"1077",20344,2613,2026,2026,2026
"1078",20345,3968,2019,2019,2019
"1079",20346,1449,2037,2039,NA
"1080",20347,3664,2038,2038,2026
"1081",20348,8246,2025,2025,2023
"1082",20349,1976,2019,2019,2019
"1083",20350,16241,2019,2019,2019
"1084",20351,2623,2019,2019,2019
"1085",20352,3833,2019,2019,2019
"1086",20353,1978,2019,2019,2019
"1087",20354,510,NA,NA,NA
"1088",20355,738,2033,2033,2032
"1089",20356,1993,2019,2019,2019
"1090",20357,908,2019,2019,2019
"1091",20358,1854,2029,2029,2029
"1092",20359,809,2037,2037,NA
"1093",20360,3592,2019,2019,2019
"1094",20361,922,NA,NA,NA
"1095",20362,1496,2025,2026,2025
"1096",20363,2633,2019,2019,2019
"1097",20364,14710,2019,2019,2019
"1098",20365,1307,2019,2019,2019
"1099",20366,3986,2025,2025,2025
"1100",20367,4543,2019,2019,2019
"1101",20368,1816,2022,2022,2022
"1102",20369,1847,2019,2019,2019
"1103",20370,679,NA,NA,NA
"1104",20371,954,NA,NA,NA
"1105",20372,1886,NA,NA,NA
"1106",20373,448,2038,NA,NA
"1107",20374,1470,2038,NA,NA
"1108",20375,10120,2019,2019,2019
"1109",20376,364,2026,2026,2026
"1110",20377,10975,2022,2022,2022
"1111",20378,3615,2019,2019,2019
"1112",20379,2958,2038,NA,2027
"1113",20380,1972,2022,2022,2022
"1114",20381,2606,2019,2019,2019
"1115",20382,1170,2024,2024,2024
"1116",20383,608,NA,NA,NA
"1117",20384,4514,2022,2025,2022
"1118",20385,77833,2019,2019,2019
"1119",20386,17897,2020,2020,2020
"1120",20387,2858,2019,2019,2019
"1121",20388,2535,2019,2019,2019
"1122",20389,921,2019,2019,2019
"1123",20390,47356,2019,2019,2019
"1124",20391,3356,2027,2028,2026
"1125",20392,6678,2021,2024,2021
"1126",20393,3604,2019,2019,2019
"1127",20394,2778,2019,2019,2019
"1128",20395,1898,NA,NA,NA
"1129",20396,3252,2026,2026,2026
"1130",20397,38453,NA,NA,NA
"1131",20398,4406,2019,2019,2019
"1132",20399,27465,2019,2019,2019
"1133",20400,1632,2025,2025,2025
"1134",20401,22562,2019,2019,2019
"1135",20402,1083,2019,2019,2019
"1136",20403,2772,2019,2019,2019
"1137",20404,766,NA,NA,NA
"1138",20405,1932,2021,2021,2021
"1139",20406,20584,2019,2019,2019
"1140",20407,8506,2019,2019,2019
"1141",20408,480,NA,NA,NA
"1142",20409,8165,2019,2019,2019
"1143",20410,3461,2025,2025,2025
"1144",20411,816,2019,2019,2019
"1145",20412,3286,2019,2019,2019
"1146",20413,38629,2019,2019,2019
"1147",20414,10794,2019,2019,2019
"1148",20415,4888,2019,2019,2019
"1149",20416,516,NA,NA,NA
"1150",20417,9240,2019,2019,2019
"1151",20418,11888,2019,2019,2019
"1152",20419,575,2030,2030,2029
"1153",20420,1680,NA,NA,NA
"1154",20421,4442,2019,2019,2019
"1155",20422,681,NA,NA,NA
"1156",20423,550,NA,NA,NA
"1157",20424,3992,2025,2025,2025
"1158",20425,2209,2037,2038,NA
"1159",20426,7865,2031,2031,2031
"1160",20427,15387,2019,2019,2019
"1161",20428,1770,2022,2022,2022
"1162",20429,1524,2024,2024,2024
"1163",20430,253,2038,2038,2039
"1164",20431,1774,2019,2019,2019
"1165",20432,968,2026,2026,2025
"1166",20433,2595,2019,2019,2019
"1167",20434,4651,2036,2038,2036
"1168",20435,3505,2021,2021,2021
"1169",20436,1113,2019,2019,2019
"1170",20437,9663,2033,2033,2033
"1171",20438,1754,2036,2037,NA
"1172",20439,24318,2019,2019,2019
"1173",20440,896,2019,2019,2019
"1174",20441,7781,2019,2019,2019
"1175",20442,354,2032,2032,2032
"1176",20443,448,NA,NA,NA
"1177",20444,461,2025,2025,2024
"1178",20445,1642,2033,2035,2033
"1179",20446,6551,2025,2025,2025
"1180",20447,15076,2019,2019,2019
"1181",20448,2009,2022,2022,2022
"1182",20449,3359,2019,2019,2019
"1183",20450,12313,2021,2021,2021
"1184",20451,1053,NA,NA,NA
"1185",20452,4220,2019,2019,2019
"1186",20453,3915,2019,2019,2019
"1187",20454,3180,2038,NA,NA
"1188",20455,2748,2019,2019,2019
"1189",20456,1686,2019,2019,2019
"1190",20457,3395,2019,2019,2019
"1191",20458,1115,2019,2019,2019
"1192",20459,4479,2019,2019,2019
"1193",20460,5413,2019,2019,2019
"1194",20461,614,2035,2037,2027
"1195",20462,4350,2019,2019,2019
"1196",20463,663,NA,NA,NA
"1197",20464,480,NA,NA,NA
"1198",20465,1568,2025,2026,2025
"1199",20466,11917,2019,2019,2019
"1200",20467,18383,2019,2019,2019
"1201",20468,13568,2019,2019,2019
"1202",20469,32927,2022,2022,2022
"1203",20470,4693,2019,2019,2019
"1204",20471,496,2035,2036,2035
"1205",20472,3198,2019,2019,2019
"1206",20473,1394,NA,NA,NA
"1207",20474,3260,2019,2019,2019
"1208",20475,9653,2020,2020,2020
"1209",20476,409,2026,2026,2026
"1210",20477,1430,2022,2022,2022
"1211",20478,1913,2036,2036,2036
"1212",20479,219,NA,NA,NA
"1213",20480,967,NA,NA,NA
"1214",20481,1966,2025,2025,2025
"1215",20482,50309,2019,2019,2019
"1216",20483,9542,2019,2019,2019
"1217",20484,4207,2019,2019,2019
"1218",20485,3031,2019,2019,2019
"1219",20486,2469,NA,NA,NA
"1220",20487,1945,2027,2031,2027
"1221",20488,131,NA,NA,NA
"1222",20489,4953,2019,2019,2019
"1223",20490,3076,2037,2039,NA
"1224",20491,4170,2036,2037,2036
"1225",20492,3210,NA,NA,NA
"1226",20493,553,NA,NA,NA
"1227",20494,4894,2019,2019,2019
"1228",20495,2884,2019,2019,2019
"1229",20496,2171,2035,2035,2035
"1230",20497,4122,2025,2025,2025
"1231",20498,6665,2019,2019,2019
"1232",20499,2021,NA,NA,NA
"1233",20500,7883,2023,2023,2023
"1234",20501,940,2019,2019,2019
"1235",20502,5515,2025,2025,2025
"1236",20503,374,2030,2031,2030
"1237",20504,1652,2021,2021,2021
"1238",20505,7554,2019,2019,2019
"1239",20506,782,2037,2037,2037
"1240",20507,3224,2019,2019,2019
"1241",20508,1521,2019,2019,2019
"1242",20509,10547,2019,2019,2019
"1243",20510,877,2024,2024,2024
"1244",20511,3610,2025,2025,2025
"1245",20512,913,NA,NA,NA
"1246",20513,8394,2019,2019,2019
"1247",20514,997,2038,2039,NA
"1248",20515,61872,2019,2019,2019
"1249",20516,4571,2019,2019,2019
"1250",20517,5194,2020,2020,2020
"1251",20518,153,NA,NA,NA
"1252",20519,2790,2019,2019,2019
"1253",20520,7153,2019,2019,2019
"1254",20521,276,NA,NA,NA
"1255",20522,1213,2026,2036,2026
"1256",20523,1609,NA,NA,NA
"1257",20524,369,2024,2024,2024
"1258",20525,11218,2019,2019,2019
"1259",20526,15986,2019,2019,2019
"1260",20527,2829,2037,2037,2037
"1261",20528,1213,2037,2037,2027
"1262",20529,1332,2021,2021,2021
"1263",20530,3385,2019,2019,2019
"1264",20531,2333,2019,2019,2019
"1265",20532,4076,2027,2039,2026
"1266",20533,2191,2023,2023,2023
"1267",20534,3964,2027,2027,2026
"1268",20535,2976,2019,2019,2019
"1269",20536,493,NA,NA,NA
"1270",20537,6747,2019,2019,2019
"1271",20538,705,2030,2030,2030
"1272",20539,5025,2019,2019,2019
"1273",20540,7059,NA,NA,NA
"1274",20541,1707,2025,2025,2025
"1275",20542,746,2019,2019,2019
"1276",20543,5561,2019,2019,2019
"1277",20544,1106,NA,NA,NA
"1278",20545,8966,2019,2019,2019
"1279",20546,5638,2023,2023,2023
"1280",20547,951,NA,NA,NA
"1281",20548,1734,2035,2037,2035
"1282",20549,11319,2020,2020,2020
"1283",20550,5076,2019,2019,2019
"1284",20551,19625,2019,2019,2019
"1285",20552,510,NA,NA,NA
"1286",20553,9417,2019,2019,2019
"1287",20554,5598,2037,2038,NA
"1288",20555,2653,2019,2019,2019
"1289",20556,249,NA,NA,NA
"1290",20557,13970,2019,2019,2019
"1291",20558,1543,2019,2019,2019
"1292",20559,22446,2019,2019,2019
"1293",20560,6174,2019,2019,2019
"1294",20561,2683,2021,2021,2021
"1295",20562,1458,NA,NA,NA
"1296",20563,1308,2026,2027,2025
"1297",20564,1292,2021,2021,2021
"1298",20565,34101,2019,2019,2019
"1299",20566,3034,2019,2019,2019
"1300",20567,3133,2019,2019,2019
"1301",20568,1514,2022,2022,2022
"1302",20569,1707,2030,2030,2029
"1303",20570,19215,2019,2019,2019
"1304",21001,60353,NA,NA,NA
"1305",21002,8916,2019,2019,2019
"1306",21003,33865,2019,2019,2019
"1307",21004,52078,NA,NA,NA
"1308",21005,2881,2019,2019,2019
"1309",21006,14754,2039,NA,2039
"1310",21007,3403,2019,2019,2019
"1311",21008,10457,NA,NA,NA
"1312",21009,2008,2019,2019,2019
"1313",21010,60621,2019,2019,2019
"1314",21011,1770,2019,2019,2019
"1315",21012,6288,NA,NA,NA
"1316",21013,18920,2019,2019,2019
"1317",21014,5004,2023,2023,2023
"1318",21015,100964,NA,NA,NA
"1319",21016,7848,NA,NA,NA
"1320",21017,25386,2035,2038,2035
"1321",21018,3734,2021,2021,2021
"1322",21019,127062,2030,2030,2030
"1323",21020,6426,NA,NA,NA
"1324",21021,1228,2019,2019,2019
"1325",21022,11684,2023,2023,2023
"1326",21023,8408,NA,NA,NA
"1327",21024,947,2019,2019,2019
"1328",21025,8153,2019,2019,2019
"1329",21026,13730,NA,NA,NA
"1330",21027,4177,2019,2019,2019
"1331",21028,2476,2029,2029,2029
"1332",21029,3791,2019,2019,2019
"1333",21030,758,2035,2035,2034
"1334",21031,2964,2019,2019,2019
"1335",21032,1283,2019,2019,2019
"1336",21033,4763,2019,2019,2019
"1337",21034,34596,NA,NA,NA
"1338",21035,19639,2019,2019,2019
"1339",21036,14205,NA,NA,NA
"1340",21037,2339,2020,2020,2020
"1341",21038,8709,NA,NA,NA
"1342",21039,9212,2030,2030,2030
"1343",21040,9538,NA,NA,NA
"1344",21041,79153,2036,2036,2034
"1345",21042,3062,2019,2019,2019
"1346",21043,47433,2019,2019,2019
"1347",21044,15367,NA,NA,NA
"1348",21045,43882,NA,NA,NA
"1349",21046,6992,NA,NA,NA
"1350",21047,19037,2019,2019,2019
"1351",21048,18762,NA,NA,NA
"1352",21049,15767,2023,2033,2023
"1353",21050,24148,2032,2033,2032
"1354",21051,33935,2019,2019,2019
"1355",21052,1227,2019,2019,2019
"1356",21053,57909,NA,NA,NA
"1357",21054,30254,NA,NA,NA
"1358",21055,4699,2019,2019,2019
"1359",21056,1237,2019,2019,2019
"1360",21057,7463,2038,2039,2039
"1361",21058,19257,NA,NA,NA
"1362",21059,2468,2019,2019,2019
"1363",21060,6946,NA,NA,NA
"1364",21061,12575,2033,2033,2033
"1365",21062,4594,2019,2019,2019
"1366",21063,13785,NA,NA,NA
"1367",21064,16270,2019,2019,2019
"1368",21065,19040,NA,NA,NA
"1369",21066,6276,2021,2022,2021
"1370",21067,16551,NA,NA,NA
"1371",21068,7718,2019,2019,2019
"1372",21069,25373,2019,2019,2019
"1373",21070,6643,2034,2034,2034
"1374",21071,97753,NA,NA,NA
"1375",21072,15689,2019,2019,2019
"1376",21073,8679,2019,2019,2019
"1377",21074,63457,NA,NA,NA
"1378",21075,11868,2031,2031,2031
"1379",21076,26689,2019,2019,2019
"1380",21077,5734,2022,2022,2022
"1381",21078,13982,2019,2019,2019
"1382",21079,5306,NA,NA,NA
"1383",21080,2833,2024,2024,2024
"1384",21081,3695,2019,2019,2019
"1385",21082,8093,2019,2019,2019
"1386",21083,25326,NA,NA,NA
"1387",21084,6811,2023,2023,2023
"1388",21085,72799,2019,2019,2019
"1389",21086,12547,2019,2019,2019
"1390",21087,12662,2019,2019,2019
"1391",21088,4598,2019,2019,2019
"1392",21089,12997,2019,2019,2019
"1393",21090,18540,NA,NA,2034
"1394",21091,10213,2023,2023,2023
"1395",21092,5223,NA,NA,2039
"1396",21093,7767,NA,NA,NA
"1397",21094,31532,NA,NA,NA
"1398",21095,484,2028,2028,2028
"1399",21096,2633,NA,NA,NA
"1400",21097,2216,NA,NA,NA
"1401",21098,6218,2028,2028,2028
"1402",21099,18954,NA,NA,NA
"1403",21100,9707,2030,2030,2030
"1404",21101,3598,2023,2023,2023
"1405",21102,12011,NA,NA,NA
"1406",21103,6009,NA,NA,NA
"1407",21104,27292,NA,NA,NA
"1408",21105,4825,NA,NA,NA
"1409",21106,25720,2034,2034,2033
"1410",21107,11641,2019,2019,2019
"1411",21108,16575,NA,NA,NA
"1412",21109,20618,2029,2029,2029
"1413",21110,42887,NA,NA,NA
"1414",21111,18435,2019,2019,2019
"1415",21112,9382,2019,2019,2019
"1416",21113,4585,2019,2019,2019
"1417",21114,1539819,2035,2035,2032
"1418",21115,47281,NA,NA,NA
"1419",21116,21275,2035,2035,2035
"1420",21117,14052,NA,NA,NA
"1421",21118,25553,NA,NA,NA
"1422",21119,100439,2035,2035,2033
"1423",21120,5110,2019,2019,2019
"1424",21121,1132,2026,2026,2025
"1425",21122,9426,NA,NA,NA
"1426",21123,4120,2019,2019,2019
"1427",21124,14454,2019,2019,2019
"1428",21125,8170,NA,NA,NA
"1429",21126,5826,NA,NA,NA
"1430",21127,3777,2019,2019,2019
"1431",21128,8087,NA,NA,NA
"1432",21129,12699,2019,2019,2019
"1433",21130,3416,NA,NA,NA
"1434",21131,872,2019,2019,2019
"1435",21132,141112,NA,NA,NA
"1436",21133,651,2019,2019,2019
"1437",21134,19310,NA,NA,NA
"1438",21135,586,2019,2019,2019
"1439",21136,11598,NA,NA,NA
"1440",21137,9185,NA,NA,NA
"1441",21138,10777,NA,NA,NA
"1442",21139,3554,2019,2019,2019
"1443",21140,120459,2036,2036,2033
"1444",21141,3395,2019,2019,2019
"1445",21142,27622,NA,NA,NA
"1446",21143,28419,NA,NA,NA
"1447",21144,13541,NA,NA,NA
"1448",21145,13534,2019,2019,2019
"1449",21146,874,2021,2021,2021
"1450",21147,5944,2020,2020,2020
"1451",21148,8040,NA,NA,NA
"1452",21149,21993,2019,2019,2019
"1453",21150,7060,2019,2019,2019
"1454",21151,8016,NA,NA,NA
"1455",21152,11706,NA,NA,NA
"1456",21153,20267,NA,NA,NA
"1457",21154,71571,NA,NA,NA
"1458",21155,5420,2019,2019,2019
"1459",21156,274906,2019,2019,2019
"1460",21157,11328,2019,2019,2019
"1461",21158,6772,2019,2019,2019
"1462",21159,4024,2019,2019,2019
"1463",21160,3121,2019,2019,2019
"1464",21161,19002,2019,2019,2019
"1465",21162,4244,2032,2033,2031
"1466",21163,16275,2036,2036,2035
"1467",21164,74708,NA,NA,NA
"1468",21165,1141,2025,2025,2023
"1469",21166,8056,2019,2019,2019
"1470",21167,10240,NA,NA,2035
"1471",21168,6580,2019,2019,2019
"1472",21169,20478,2019,2019,2019
"1473",21170,16390,NA,NA,NA
"1474",21171,3365,NA,NA,NA
"1475",21172,25793,2029,2031,2029
"1476",21173,5689,2033,2033,2033
"1477",21174,92246,2032,2032,2032
"1478",21175,9807,NA,NA,NA
"1479",21176,8401,2019,2019,2019
"1480",21177,48268,NA,NA,NA
"1481",21178,17115,2019,2019,2019
"1482",21179,28568,NA,NA,NA
"1483",21180,36518,NA,NA,NA
"1484",21181,6269,NA,NA,NA
"1485",21182,4833,NA,NA,NA
"1486",21183,19826,2019,2019,2019
"1487",21184,6406,2022,2022,2022
"1488",21185,8404,2019,2019,2019
"1489",21186,51495,2034,2039,2034
"1490",21187,5415,2020,2020,2020
"1491",21188,17028,NA,NA,NA
"1492",21189,19701,NA,NA,NA
"1493",21190,1155,2019,2019,2019
"1494",21191,9245,2019,2019,2019
"1495",21192,5983,2019,2019,2019
"1496",21193,6242,NA,NA,NA
"1497",21194,27890,2019,2019,2019
"1498",21195,24217,NA,NA,NA
"1499",21196,1649,2019,2019,2019
"1500",21197,75601,2019,2019,2019
"1501",21198,1241,2019,2019,2019
"1502",21199,37910,NA,NA,NA
"1503",21200,3911,2035,2034,2035
"1504",21201,3187,2019,2019,2019
"1505",21202,12249,2020,2020,2020
"1506",21203,6049,2031,2031,2031
"1507",21204,7514,2031,2032,2031
"1508",21205,22976,NA,NA,NA
"1509",21206,4224,2019,2019,2019
"1510",21207,53295,2024,NA,2024
"1511",21208,76296,NA,NA,NA
"1512",21209,8220,2019,2019,2019
"1513",21210,5608,2019,2019,2019
"1514",21211,15444,NA,NA,NA
"1515",21212,19438,NA,NA,NA
"1516",21213,12530,2019,2019,2019
"1517",21214,15690,2019,2019,2019
"1518",21215,4599,2019,2019,2019
"1519",21216,2639,2019,2019,2019
"1520",21217,20529,2027,2028,2023
"1521",22001,62197,NA,NA,NA
"1522",22002,27093,2023,2023,2023
"1523",22003,12910,2019,2019,2019
"1524",22004,64183,2028,2028,2028
"1525",22005,58171,2029,2029,2029
"1526",22006,143073,2023,2023,2023
"1527",22007,38123,2029,2029,2029
"1528",22008,35554,2029,2029,2028
"1529",22009,25550,2019,2019,2019
"1530",22010,19929,2021,2021,2021
"1531",22011,116458,2028,2028,2027
"1532",22012,63966,2032,2032,2031
"1533",22013,18441,2022,2022,2022
"1534",22014,801940,2024,2024,2024
"1535",22015,8865,2024,2024,2024
"1536",22016,241699,2031,2031,2031
"1537",22017,63413,2030,2030,2030
"1538",22018,26372,2019,2019,2019
"1539",23001,79535,2019,2019,2019
"1540",23002,75026,2019,2019,2019
"1541",23003,16203,2019,2019,2019
"1542",23004,244553,2019,2019,2019
"1543",23005,661176,2019,2019,2019
"1544",23006,36179,2019,2019,2019
"1545",23007,25333,2019,2019,2019
"1546",23008,159310,2019,2019,2019
"1547",23009,28263,2019,2019,2019
"1548",24001,18644,2025,2025,2025
"1549",24002,8186,2020,2020,2020
"1550",24003,47423,2019,2019,2019
"1551",24004,4436,2027,2027,2026
"1552",24005,18937,2019,2019,2019
"1553",24006,9716,2025,2025,2025
"1554",24007,18485,2022,2023,2022
"1555",24008,21394,2019,2019,2019
"1556",24009,4021,2029,2029,2029
"1557",24010,31323,2019,2019,2019
"1558",24011,43528,2019,2019,2019
"1559",24012,21039,2019,2019,2019
"1560",24013,167713,2019,2019,2019
"1561",24014,17015,2019,2019,2019
"1562",24015,21138,2023,2023,2023
"1563",24016,41529,2019,2019,2019
"1564",24017,25985,2019,2019,2019
"1565",24018,15311,2019,2019,2019
"1566",24019,5774,2019,2019,2019
"1567",24020,91522,2020,2020,2020
"1568",24021,53442,2020,2020,2020
"1569",24022,19327,2020,2020,2020
"1570",24023,15707,2019,2019,2019
"1571",24024,91924,2019,2019,2019
"1572",24025,30190,2023,2023,2023
"1573",24026,9390,2019,2019,2019
"1574",24027,10171,2019,2019,2019
"1575",24028,772604,2019,2019,2019
"1576",24029,21347,2019,2019,2019
"1577",24030,5466,2019,2019,2019
"1578",24031,11835,2019,2019,2019
"1579",24032,40326,2019,2019,2019
"1580",24033,12043,2026,2026,2026
"1581",24034,14958,2019,2019,2019
"1582",24035,267839,2019,2019,2019
"1583",24036,28848,2019,2019,2019
"1584",24037,96820,2019,2019,2019
"1585",24038,15838,2019,2019,2019
"1586",24039,14274,2019,2019,2019
"1587",24040,37956,2019,2019,2019
"1588",24041,19312,2019,2019,2019
"1589",24042,14382,2019,2019,2019
"1590",24043,9024,2021,2021,2021
"1591",24044,7902,2019,2019,2019
"1592",24045,14492,2025,2025,2025
"1593",24046,16316,2023,2023,2023
"1594",24047,9779,2020,2020,2020
"1595",24048,5350,2021,2021,2021
"1596",24049,37928,2025,2025,2025
"1597",24050,46898,2020,2020,2020
"1598",24051,14876,2021,2021,2021
"1599",24052,10174,2019,2019,2019
"1600",24053,33245,2019,2019,2019
"1601",24054,51498,2019,2019,2019
"1602",24055,24596,2026,2026,2026
"1603",24056,15528,2020,2020,2020
"1604",24057,30299,2019,2019,2019
"1605",24058,20495,2019,2019,2019
"1606",25001,416299,2019,2019,2019
"1607",25002,44993,2019,2019,2019
"1608",25003,29999,2019,2019,2019
"1609",25004,28493,2019,2019,2019
"1610",25005,16697,2019,2019,2019
"1611",25006,858638,2019,2019,2019
"1612",25007,32998,2019,2019,2019
"1613",25008,42907,2019,2019,2019
"1614",25009,54131,2019,2019,2019
"1615",25010,97536,2019,2019,2019
"1616",25011,285912,2019,2019,2019
"1617",25012,438434,2019,2019,2019
"1618",25013,45847,2019,2019,2019
"1619",25014,49380,2019,2019,2019
"1620",25015,79085,2019,2019,2019
"1621",25016,22527,2019,2019,2019
"1622",25017,88282,2019,2019,2019
"1623",25018,135603,2019,2019,2019
"1624",26001,2637,2019,2019,2019
"1625",26002,79138,2035,2038,2035
"1626",26003,25848,2019,2019,2019
"1627",26004,9049,2019,2019,2019
"1628",26005,1253,2019,2019,2019
"1629",26006,3037,2034,2034,2034
"1630",26007,625,2019,2019,2019
"1631",26008,1252,2027,2027,2027
"1632",26009,784,2020,2020,2020
"1633",26010,1467,2032,2032,2032
"1634",26011,1646,2019,2019,2019
"1635",26012,22821,2019,2019,2019
"1636",26013,1646,2021,2021,2021
"1637",26014,3560,2021,2021,2021
"1638",26015,1454,2033,2033,2033
"1639",26016,5275,2021,2021,2020
"1640",26017,81309,2019,2019,2019
"1641",26018,409310,2019,2019,2019
"1642",26019,32936,2039,NA,2039
"1643",26020,5347,2019,2019,2019
"1644",26021,1663,2019,2019,2019
"1645",26022,958,2038,2038,2038
"1646",26023,6362,2028,2028,2027
"1647",26024,813,2021,2021,2021
"1648",26025,54131,2019,2019,2019
"1649",26026,60717,2019,2019,2019
"1650",26027,8639,2031,2031,2028
"1651",26028,1150,2026,2026,2026
"1652",26029,149299,2019,2019,2019
"1653",26030,784342,2019,2019,2019
"1654",26031,1350,2033,2033,2033
"1655",26032,962,2019,2019,2019
"1656",26033,79313,2019,2019,2019
"1657",26034,1154,2019,2019,2019
"1658",26035,12316,2022,2022,2022
"1659",26036,29707,2019,2019,2019
"1660",26037,1350,2019,2019,2019
"1661",26038,4680,2027,2027,2026
"1662",26039,6401,NA,NA,NA
"1663",26040,2051,2028,2028,2028
"1664",26041,12751,2030,2030,2027
"1665",26042,157729,2019,2019,2019
"1666",26043,220292,2023,2023,2023
"1667",26044,399,2019,2019,2019
"1668",26045,2878,2019,2019,2019
"1669",26046,443,2027,2027,2027
"1670",26047,9468,2019,2019,2019
"1671",26048,57342,2019,2019,2019
"1672",26049,3356,2019,2019,2019
"1673",26050,1599,2019,2019,2019
"1674",26051,5226,2019,2019,2019
"1675",26052,6020,2021,2021,2021
"1676",26053,396,2023,2023,2023
"1677",26054,492,2019,2019,2019
"1678",26055,178380,2019,2019,2019
"1679",26056,8382,2019,2019,2019
"1680",26057,1604,2019,2019,2019
"1681",26058,16014,2019,2019,2019
"1682",26059,1998,2039,2039,2027
"1683",26060,2703,2019,2019,2019
"1684",26061,1284,2019,2019,2019
"1685",26062,1121,2019,2019,2019
"1686",26063,1365,2022,2022,2022
"1687",26064,1731,2022,2022,2022
"1688",26065,1735,2021,2021,2021
"1689",26066,9185,2019,2019,2019
"1690",26067,1738,2031,2031,2027
"1691",26068,1254,2019,2019,2019
"1692",26069,6046,2019,2019,2019
"1693",26070,15652,2021,2021,2021
"1694",26071,22009,2019,2019,2019
"1695",26072,14136,2019,2019,2019
"1696",27001,56739,2019,2019,2019
"1697",27002,248481,2019,2019,2019
"1698",27003,102110,2019,2019,2019
"1699",27004,640359,2019,2019,2019
"1700",27005,192802,2019,2019,2019
"1701",27006,126416,2019,2019,2019
"1702",27007,29518,2019,2019,2019
"1703",27008,179285,2019,2019,2019
"1704",27009,36391,2019,2019,2019
"1705",27010,83356,2019,2019,2019
"1706",27011,29511,2019,2019,2019
"1707",27012,153132,2019,2019,2019
"1708",27013,115066,2019,2019,2019
"1709",27014,86620,2019,2019,2019
"1710",27015,46302,2019,2019,2019
"1711",27016,53555,2019,2019,2019
"1712",27017,58960,2019,2019,2019
"1713",28001,12070,2019,2019,2019
"1714",28002,29470,2019,2019,2019
"1715",28003,212001,2019,2019,2019
"1716",28004,9003,2019,2019,2019
"1717",28005,4589,2021,2021,2021
"1718",28006,7636,2019,2019,2019
"1719",28007,14933,2019,2019,2019
"1720",28008,4423,2019,2019,2019
"1721",28009,197216,2019,2019,2019
"1722",28010,2011,2019,2019,2019
"1723",28011,8786,2019,2019,2019
"1724",28012,43435,2019,2019,2019
"1725",28013,15659,2019,2019,2019
"1726",28014,4477,2021,2021,2021
"1727",28015,15775,2019,2019,2019
"1728",28016,23793,2019,2019,2019
"1729",28017,15105,2019,2019,2019
"1730",28018,8338,2019,2019,2019
"1731",28019,17333,2019,2019,2019
"1732",28020,2579,2019,2019,2019
"1733",28021,115792,2019,2019,2019
"1734",28022,489193,2019,2019,2019
"1735",28023,4530,2019,2019,2019
"1736",28024,4762,2020,2020,2020
"1737",28025,27015,2019,2019,2019
"1738",28026,3514,2019,2019,2019
"1739",28027,384033,2019,2019,2019
"1740",28028,3381,2019,2019,2019
"1741",28029,12962,2019,2019,2019
"1742",28030,14020,2019,2019,2019
"1743",28031,1795,2019,2019,2019
"1744",28032,608891,2019,2019,2019
"1745",28033,118259,2019,2019,2019
"1746",28034,9331,2019,2019,2019
"1747",28035,57220,2019,2019,2019
"1748",28036,1031,2019,2019,2019
"1749",28037,24764,2019,2019,2019
"1750",28038,297554,2019,2019,2019
"1751",28039,27572,2019,2019,2019
"1752",28040,63170,2019,2019,2019
"1753",28041,321953,2019,2019,2019
"1754",28042,6316,2019,2019,2019
"1755",28043,22864,2019,2019,2019
"1756",29001,9875,NA,NA,NA
"1757",29002,13361,NA,NA,NA
"1758",29003,6018,NA,NA,NA
"1759",29004,15935,NA,NA,NA
"1760",29005,76492,NA,NA,NA
"1761",29006,44807,NA,NA,NA
"1762",29007,15368,NA,NA,NA
"1763",29008,13671,NA,NA,NA
"1764",29009,5066,NA,NA,NA
"1765",29010,66149,NA,NA,2039
"1766",29011,4285,NA,NA,NA
"1767",29012,8399,NA,NA,NA
"1768",29013,84979,NA,NA,NA
"1769",29014,13879,NA,NA,NA
"1770",29015,35162,NA,NA,NA
"1771",29016,6791,NA,NA,NA
"1772",29017,9740,NA,NA,NA
"1773",29018,35084,NA,NA,NA
"1774",29019,18725,NA,NA,NA
"1775",29020,8474,NA,NA,NA
"1776",29021,16640,NA,NA,NA
"1777",29022,5711,NA,NA,NA
"1778",29023,23621,NA,NA,NA
"1779",29024,25128,NA,NA,NA
"1780",29025,69615,2036,2036,2033
"1781",29026,17968,NA,NA,NA
"1782",29027,11763,NA,NA,2037
"1783",29028,21671,NA,NA,NA
"1784",29029,11048,NA,NA,NA
"1785",29030,13775,NA,NA,NA
"1786",29031,28760,NA,NA,NA
"1787",29032,12410,NA,NA,2038
"1788",29033,89795,NA,NA,2038
"1789",29034,39939,NA,NA,NA
"1790",29035,5589,NA,NA,NA
"1791",29036,20625,NA,NA,2039
"1792",29037,8224,NA,NA,NA
"1793",29038,14611,NA,NA,NA
"1794",29039,21769,NA,NA,NA
"1795",29040,9777,NA,NA,NA
"1796",29041,26997,NA,NA,2038
"1797",29042,12255,NA,NA,2037
"1798",29043,33081,NA,NA,NA
"1799",29044,38654,NA,NA,2035
"1800",29045,5687,NA,NA,NA
"1801",29046,4146,NA,NA,NA
"1802",29047,2769,NA,NA,NA
"1803",29048,16834,NA,NA,NA
"1804",29049,5064,NA,NA,NA
"1805",29050,9880,NA,NA,NA
"1806",29051,3581,NA,NA,2038
"1807",29052,5660,NA,NA,NA
"1808",29053,6821,NA,NA,2038
"1809",29054,5045,NA,NA,2038
"1810",29055,2833,NA,NA,NA
"1811",29056,6857,NA,NA,NA
"1812",29057,4349,NA,NA,NA
"1813",29058,7992,NA,NA,2038
"1814",29059,6296,NA,NA,2038
"1815",29060,4436,NA,NA,NA
"1816",30001,8223,2019,2019,2019
"1817",30002,3085,2019,2019,2019
"1818",30003,83817,2019,2019,2019
"1819",30004,40994,2019,2019,2019
"1820",30005,5129,2019,2019,2019
"1821",30006,20973,2019,2019,2019
"1822",30007,6224,2019,2019,2019
"1823",30008,9691,NA,NA,NA
"1824",30009,28017,2019,2019,2019
"1825",3001,70816,2019,2019,2019
"1826",30010,60396,2031,2033,2031
"1827",30011,51955,2019,2019,2019
"1828",30012,7487,2019,2019,2019
"1829",30013,27548,2019,2019,2019
"1830",30014,42268,2019,2019,2019
"1831",30015,33528,2019,2019,2019
"1832",30016,25500,2019,2019,2019
"1833",30017,4027,2019,2019,2019
"1834",30018,1797,NA,NA,NA
"1835",30019,5995,NA,NA,NA
"1836",3002,59114,2019,2019,2019
"1837",30020,9824,NA,NA,NA
"1838",30021,22986,2019,2019,2019
"1839",30022,20063,2019,2019,2019
"1840",30023,48397,2019,2019,2019
"1841",30024,14613,2019,2019,2019
"1842",30025,25456,NA,NA,NA
"1843",30026,21546,2019,2019,2019
"1844",30027,16692,2019,2019,2019
"1845",30028,138058,2019,2019,2019
"1846",30029,12929,NA,NA,NA
"1847",3003,251871,2019,2019,2019
"1848",30030,41778,2019,2019,2019
"1849",30031,16313,2019,2019,2019
"1850",30032,48593,2019,2019,2019
"1851",30033,23483,2019,2019,2019
"1852",30034,25801,2019,2019,2019
"1853",30035,11081,2019,2019,2019
"1854",30036,9416,2019,2019,2019
"1855",30037,7810,2019,2019,2019
"1856",30038,86696,2019,2019,2019
"1857",30039,305260,2019,2019,2019
"1858",30040,48351,2019,2019,2019
"1859",30041,2144,2019,2019,2019
"1860",30042,5728,2019,2019,2019
"1861",30043,18713,2019,2019,2019
"1862",30044,196541,2019,2019,2019
"1863",30045,57366,2019,2019,2019
"1864",30046,15668,2019,2019,2019
"1865",30047,52510,NA,NA,NA
"1866",30048,117725,2019,2019,2019
"1867",30049,19710,2019,2019,2019
"1868",30050,15492,2019,2019,2019
"1869",30051,21822,2019,2019,2019
"1870",30052,11645,2019,2019,2019
"1871",30053,26265,2019,2019,2019
"1872",30054,11683,2019,2019,2019
"1873",30055,12626,2019,2019,2019
"1874",30056,6752,2019,2019,2019
"1875",30057,13190,2038,2039,2039
"1876",30058,54982,2019,2019,2019
"1877",30059,15214,2019,2019,2019
"1878",30060,15286,2019,2019,2019
"1879",30061,77426,2019,2019,2019
"1880",30062,18601,2019,2019,2019
"1881",30063,14688,2019,2019,2019
"1882",30064,3889,2019,2019,2019
"1883",30065,61718,2019,2019,2019
"1884",30066,25548,2019,2019,2019
"1885",30067,16418,2019,2019,2019
"1886",30068,59761,2019,2019,2019
"1887",30069,24353,2019,2019,2019
"1888",30070,18277,2019,2019,2019
"1889",30071,54561,2019,2019,2019
"1890",30072,20765,2030,2031,2030
"1891",30073,41649,2019,2019,2019
"1892",30074,6750,2019,2019,2019
"1893",30075,17121,2019,2019,2019
"1894",30076,13575,2019,2019,2019
"1895",30077,42205,2019,2019,2019
"1896",30078,12713,2019,2019,2019
"1897",30079,10724,NA,NA,NA
"1898",3008,238487,2019,2019,2019
"1899",30080,21407,2019,2019,2019
"1900",30081,21150,2019,2019,2019
"1901",30082,14903,2019,2019,2019
"1902",30083,49820,2019,2019,2019
"1903",30084,5727,2019,2019,2019
"1904",30085,65385,2019,2019,2019
"1905",30086,40747,2035,NA,2035
"1906",30087,457928,2019,2019,2019
"1907",30088,4940,2019,2019,2019
"1908",30089,39673,2019,2019,2019
"1909",3009,16738,2019,2019,2019
"1910",30090,10376,2019,2019,2019
"1911",30091,27080,2019,2019,2019
"1912",30092,35188,2019,2019,2019
"1913",30093,15313,2019,2019,2019
"1914",30094,37193,2019,2019,2019
"1915",30095,16387,2019,2019,2019
"1916",30096,1546,NA,NA,NA
"1917",30097,20141,2019,2019,2019
"1918",30098,2920,2037,NA,2037
"1919",30099,16898,NA,NA,NA
"1920",30100,22585,2019,2019,2019
"1921",30101,33941,2019,2019,2019
"1922",30102,101358,2019,2019,2019
"1923",30103,11808,2019,2019,2019
"1924",30104,17333,2019,2019,2019
"1925",30105,59126,2019,2019,2019
"1926",30106,4429,2019,2019,2019
"1927",30107,2897,NA,NA,2035
"1928",30108,157840,2019,2019,2019
"1929",30109,62919,2019,2019,2019
"1930",30110,10387,2020,2020,2020
"1931",30111,16120,2019,2019,2019
"1932",30112,20255,2019,2019,2019
"1933",30113,4507,2019,2019,2019
"1934",30114,9974,2019,2019,2019
"1935",30115,34688,2019,2019,2019
"1936",30116,14784,2019,2019,2019
"1937",30117,22561,2019,2019,2019
"1938",30118,120995,2019,2019,2019
"1939",30119,5250,2019,2019,2019
"1940",30120,14965,2019,2019,2019
"1941",30121,23276,2019,2019,2019
"1942",30122,15909,2019,2019,2019
"1943",30123,97290,2019,2019,2019
"1944",30124,158599,2019,2019,2019
"1945",30125,29165,2019,2019,2019
"1946",30126,32576,2019,2019,2019
"1947",30127,23648,NA,NA,NA
"1948",30128,68982,NA,NA,NA
"1949",30129,17888,2019,2019,2019
"1950",30130,40984,2019,2019,2019
"1951",30131,193311,2019,2019,2019
"1952",30132,17958,NA,NA,NA
"1953",30133,55358,2019,2019,2019
"1954",30134,21603,2019,2019,2019
"1955",30135,20245,2019,2019,2019
"1956",30136,7023,2019,2019,2019
"1957",30137,5484,2035,2038,2035
"1958",30138,40634,2019,2019,2019
"1959",30139,5908,2019,2019,2019
"1960",30140,2715,2019,2019,2019
"1961",30141,157364,2019,2019,2019
"1962",30142,33435,2019,2019,2019
"1963",30143,56427,2019,2019,2019
"1964",30144,31974,2019,2019,2019
"1965",30145,14395,2019,2019,2019
"1966",30146,3502,2019,2019,2019
"1967",30147,21380,2019,2019,2019
"1968",30148,27008,2019,2019,2019
"1969",30149,32596,2019,2019,2019
"1970",30150,11211,2019,2019,2019
"1971",30151,23588,2019,2019,2019
"1972",30152,12242,2019,2019,2019
"1973",30153,5873,2019,2019,2019
"1974",30154,12814,2019,2019,2019
"1975",30155,101743,2019,2019,2019
"1976",30156,5584,2032,2034,2032
"1977",30157,18663,2019,2019,2019
"1978",30158,25126,2019,2019,2019
"1979",30159,23479,NA,NA,NA
"1980",30160,104499,2019,2019,2019
"1981",30161,34956,2019,2019,2019
"1982",30162,6247,2027,2027,2025
"1983",30163,5222,2028,2029,2027
"1984",30164,16327,2019,2019,2019
"1985",30165,8249,2019,2019,2019
"1986",30166,9004,2019,2019,2019
"1987",30167,13949,2019,2019,2019
"1988",30168,14648,2036,NA,2036
"1989",30169,23999,2019,2019,2019
"1990",30170,10627,2029,2029,2029
"1991",30171,5292,2019,2019,2019
"1992",30172,20199,2019,2019,2019
"1993",30173,52584,2019,2019,2019
"1994",30174,94087,2019,2019,2019
"1995",30175,89774,2019,2019,2019
"1996",30176,4632,2019,2019,2019
"1997",30177,10299,2019,2019,2019
"1998",30178,13284,2019,2019,2019
"1999",30179,3965,2030,2030,2030
"2000",30180,11276,2019,2019,2019
"2001",30181,37037,2019,2019,2019
"2002",30182,16311,2030,2030,2030
"2003",30183,58084,2019,2019,2019
"2004",30184,7151,NA,NA,NA
"2005",30185,4879,2019,2019,2019
"2006",30186,6763,2019,2019,2019
"2007",30187,5696,NA,NA,2039
"2008",30188,16403,2019,2019,2019
"2009",30189,143362,2019,2019,2019
"2010",30190,2177,2019,2019,2019
"2011",30191,29005,2019,2019,2019
"2012",30192,19541,2019,2019,2019
"2013",30193,552156,2019,2019,2019
"2014",30194,10851,2019,2019,2019
"2015",30195,5163,NA,NA,NA
"2016",30196,17462,2019,2019,2019
"2017",30197,11357,2019,2019,2019
"2018",30198,6784,2031,2032,2031
"2019",30199,10720,2019,2019,2019
"2020",30200,12379,2019,2019,2019
"2021",30201,41923,2019,2019,2019
"2022",30202,13866,2019,2019,2019
"2023",30203,13434,2019,2019,2019
"2024",30204,46010,2019,2019,2019
"2025",30205,19128,2019,2019,2019
"2026",30206,27094,2019,2019,2019
"2027",30207,45095,2019,2019,2019
"2028",30208,22907,2019,2019,2019
"2029",30209,14297,2019,2019,2019
"2030",30210,27346,2019,2019,2019
"2031",30211,29277,2019,2019,2019
"2032",30212,12409,2026,2026,2023
"2033",31001,6356,2019,2019,2019
"2034",31002,15337,2019,2019,2019
"2035",31003,10362,2019,2019,2019
"2036",31004,5701,2019,2019,2019
"2037",31005,2053,2019,2019,2019
"2038",31006,8637,2019,2019,2019
"2039",31007,6811,2019,2019,2019
"2040",31008,4095,2019,2019,2019
"2041",31009,4696,2019,2019,2019
"2042",31010,2407,2019,2019,2019
"2043",31011,6831,2019,2019,2019
"2044",31012,3701,2019,2019,2019
"2045",31013,9143,2019,2019,2019
"2046",31014,1595,2019,2019,2019
"2047",31015,4966,2019,2019,2019
"2048",31016,2818,2019,2019,2019
"2049",31017,4464,2019,2019,2019
"2050",31018,3035,2019,2019,2019
"2051",31019,33490,2019,2019,2019
"2052",31020,4113,2019,2019,2019
"2053",31021,7952,2019,2019,2019
"2054",31022,4162,2019,2019,2019
"2055",31023,4530,2019,2019,2019
"2056",31024,3148,2019,2019,2019
"2057",31025,4941,2019,2019,2019
"2058",31026,3489,2019,2019,2019
"2059",31027,8133,2019,2019,2019
"2060",31028,2463,2019,2019,2019
"2061",31029,5905,2019,2019,2019
"2062",31030,3540,2019,2019,2019
"2063",31031,2772,2019,2019,2019
"2064",31032,15571,2019,2019,2019
"2065",31033,19072,2019,2019,2019
"2066",31034,6061,2019,2019,2019
"2067",31035,5697,2019,2019,2019
"2068",31036,7257,2019,2019,2019
"2069",31037,4841,2019,2019,2019
"2070",31038,30731,2019,2019,2019
"2071",31039,3803,2019,2019,2019
"2072",31040,25980,2019,2019,2019
"2073",31041,78709,2019,2019,2019
"2074",31042,5502,2019,2019,2019
"2075",31043,2761,2019,2019,2019
"2076",31044,6571,2019,2019,2019
"2077",31045,2449,2019,2019,2019
"2078",31046,2888,2019,2019,2019
"2079",31047,5250,2019,2019,2019
"2080",31048,21704,2019,2019,2019
"2081",31049,3269,2019,2019,2019
"2082",31050,830732,2019,2019,2019
"2083",31051,3071,2019,2019,2019
"2084",31052,33978,2019,2019,2019
"2085",31053,12336,2019,2019,2019
"2086",31054,2755,2019,2019,2019
"2087",31055,6285,2019,2019,2019
"2088",31056,29325,2019,2019,2019
"2089",31057,7461,2019,2019,2019
"2090",31058,24159,2019,2019,2019
"2091",31059,53958,2019,2019,2019
"2092",31060,942,2019,2019,2019
"2093",31061,3438,2019,2019,2019
"2094",31062,4589,2019,2019,2019
"2095",31063,5008,2019,2019,2019
"2096",31064,1619,2019,2019,2019
"2097",31065,1839,2019,2019,2019
"2098",31066,3833,2019,2019,2019
"2099",31067,9276,2019,2019,2019
"2100",31068,3126,2019,2019,2019
"2101",31069,8449,2019,2019,2019
"2102",31070,3930,2019,2019,2019
"2103",31071,1689,2019,2019,2019
"2104",31072,1876,2019,2019,2019
"2105",31073,4447,2019,2019,2019
"2106",31074,3609,2019,2019,2019
"2107",31075,6205,2019,2019,2019
"2108",31076,16200,2019,2019,2019
"2109",31077,2606,2019,2019,2019
"2110",31078,3683,2019,2019,2019
"2111",31079,40547,2019,2019,2019
"2112",31080,9884,2019,2019,2019
"2113",31081,3100,2019,2019,2019
"2114",31082,3557,2019,2019,2019
"2115",31083,1726,2019,2019,2019
"2116",31084,6817,2019,2019,2019
"2117",31085,14801,2019,2019,2019
"2118",31086,2226,2019,2019,2019
"2119",31087,4725,2019,2019,2019
"2120",31088,1977,2019,2019,2019
"2121",31089,37685,2019,2019,2019
"2122",31090,6833,2019,2019,2019
"2123",31091,11421,2019,2019,2019
"2124",31092,6665,2019,2019,2019
"2125",31093,17176,2019,2019,2019
"2126",31094,4746,2019,2019,2019
"2127",31095,5388,2019,2019,2019
"2128",31096,73138,2019,2019,2019
"2129",31097,3464,2019,2019,2019
"2130",31098,14011,2019,2019,2019
"2131",31099,3782,2019,2019,2019
"2132",31100,3469,2019,2019,2019
"2133",31101,50993,2019,2019,2019
"2134",31102,74217,2019,2019,2019
"2135",31103,3236,2019,2019,2019
"2136",31104,14802,2019,2019,2019
"2137",31105,2868,2019,2019,2019
"2138",31106,2137,2019,2019,2019
"2139",32001,6314,2019,2019,2019
"2140",32002,5005,2032,2032,2031
"2141",32003,2692,NA,NA,NA
"2142",32004,4372,NA,NA,NA
"2143",32005,39917,2033,2035,2033
"2144",32006,8239,2036,2036,2036
"2145",32007,12803,2029,2029,2029
"2146",32008,11915,2039,NA,2036
"2147",32009,10565,NA,NA,NA
"2148",32010,213139,2032,2034,2032
"2149",32011,3013,2023,2023,2022
"2150",32012,8104,NA,NA,NA
"2151",32013,5894,2033,2035,2033
"2152",32014,21974,2030,2030,2030
"2153",32015,1609,2026,2027,2025
"2154",32016,22346,2029,2029,2029
"2155",32017,159991,2034,2035,2034
"2156",32018,4306,2019,2019,2019
"2157",32019,23557,2019,2019,2019
"2158",32020,57610,2033,2035,2033
"2159",32021,4584,NA,NA,NA
"2160",32022,20543,2038,2038,2032
"2161",32023,12284,2019,2019,2019
"2162",32024,48365,2029,2029,2029
"2163",32025,12234,2036,2036,2034
"2164",32026,17813,2029,2029,2029
"2165",32027,2662,2028,2029,2028
"2166",32028,2584,2024,2024,2021
"2167",32029,22296,2039,2039,2033
"2168",32030,2529,2023,2023,2023
"2169",32031,8929,NA,NA,NA
"2170",32032,11493,2034,2036,2034
"2171",32033,4563,2019,2019,2019
"2172",32034,27932,2027,2027,2027
"2173",32035,15607,2030,2030,2030
"2174",32036,40740,2032,2033,2032
"2175",32037,16875,2034,2036,2034
"2176",32038,69844,2028,2028,2028
"2177",32039,62693,2029,2029,2029
"2178",32040,21533,2034,2038,2032
"2179",32041,2710,2029,2029,2029
"2180",32042,61188,NA,NA,NA
"2181",32043,1360,NA,NA,NA
"2182",32044,15656,2019,2019,2019
"2183",32045,8215,2034,2034,2034
"2184",32046,7090,2034,2034,2034
"2185",32047,5506,2039,NA,2039
"2186",32048,25493,2033,2033,2033
"2187",32049,33323,2033,2034,2034
"2188",32050,9353,2035,2036,2035
"2189",32051,34328,2028,2028,2028
"2190",32052,18269,2029,2029,2029
"2191",32053,12893,2031,2031,2031
"2192",32054,18490,2029,2029,2029
"2193",32055,29395,NA,NA,NA
"2194",32056,138176,2034,2035,2034
"2195",32057,16934,2033,2034,2033
"2196",32058,2821,2019,2019,2019
"2197",4001,52890,2019,2019,2019
"2198",4002,259005,2019,2019,2019
"2199",4003,221094,2019,2019,2019
"2200",4004,83021,2019,2019,2019
"2201",4005,28306,2019,2019,2019
"2202",4006,37777,2020,2020,2020
"2203",4007,8352,2024,2026,2024
"2204",4008,9736,2019,2019,2019
"2205",4009,54184,2019,2019,2019
"2206",4010,26882,2019,2019,2019
"2207",4011,41194,2019,2019,2019
"2208",5001,1070,2027,2027,2026
"2209",5002,136755,2019,2019,2019
"2210",5003,22675,2022,2022,2022
"2211",5004,22544,2026,2026,2026
"2212",5005,1808,2019,2019,2019
"2213",5006,25892,2019,2019,2019
"2214",5007,13013,2019,2019,2019
"2215",5008,2901,2020,2020,2020
"2216",5009,55676,2019,2019,2019
"2217",5010,75215,2019,2019,2019
"2218",5011,11682,2022,2022,2021
"2219",5012,2091,2027,2027,2027
"2220",5013,1852,2023,2023,2022
"2221",5014,9935,2019,2019,2019
"2222",5015,1599,2019,2019,2019
"2223",5016,1835,2019,2019,2019
"2224",5017,107160,2019,2019,2019
"2225",5018,216206,2019,2019,2019
"2226",5019,8207,2022,2022,2022
"2227",5020,66834,2019,2019,2019
"2228",5021,6335,2019,2019,2019
"2229",5022,27928,2021,2021,2021
"2230",5023,10991,2019,2019,2019
"2231",5024,45401,2023,2023,2023
"2232",5025,152806,2019,2019,2019
"2233",5026,3473,2019,2019,2019
"2234",5027,75461,2019,2019,2019
"2235",5028,60847,2019,2019,2019
"2236",5029,2314,2022,2022,2022
"2237",5030,725123,2019,2019,2019
"2238",5031,22149,2019,2019,2019
"2239",5032,41649,2022,2022,2021
"2240",5033,102650,2019,2019,2019
"2241",5034,6375,2020,2020,2020
"2242",5035,639629,2019,2019,2019
"2243",5036,21319,2021,2022,2021
"2244",5037,6289,2022,2022,2022
"2245",5038,12702,2022,2022,2022
"2246",6001,28695,2019,2019,2019
"2247",6002,146904,2019,2019,2019
"2248",6003,20888,2019,2019,2019
"2249",6004,19385,2019,2019,2019
"2250",6005,27107,2019,2019,2019
"2251",6006,5300,2019,2019,2019
"2252",6007,161420,2019,2019,2019
"2253",6008,8174,2019,2019,2019
"2254",6009,112726,2019,2019,2019
"2255",6010,119956,2019,2019,2019
"2256",7001,16814,2019,2019,2019
"2257",7002,28947,2019,2019,2019
"2258",7003,27580,2019,2019,2019
"2259",7004,29865,2022,2022,2022
"2260",7005,21275,2019,2019,2019
"2261",7006,29547,2019,2019,2019
"2262",7007,8728,2033,2033,2033
"2263",7008,26628,2019,2019,2019
"2264",7009,40042,2019,2019,2019
"2265",7010,7623,2019,2019,2019
"2266",7011,19281,2019,2019,2019
"2267",7012,43179,2019,2019,2019
"2268",7013,30642,2019,2019,2019
"2269",7014,18559,2025,2026,2025
"2270",7015,43811,2019,2019,2019
"2271",7016,17140,2019,2019,2019
"2272",7017,78114,2019,2019,2019
"2273",7018,8444,2019,2019,2019
"2274",7019,141013,2019,2019,2019
"2275",7020,44082,2019,2019,2019
"2276",7021,21050,2019,2019,2019
"2277",7022,14027,2023,2023,2023
"2278",7023,76941,2036,2038,2036
"2279",7024,10817,2029,2029,2028
"2280",7025,7332,2022,2022,2022
"2281",7026,36111,2024,2024,2024
"2282",7027,87603,2019,2019,2019
"2283",7028,5405,2019,2019,2019
"2284",7029,5018,2019,2019,2019
"2285",7030,31515,2019,2019,2019
"2286",7031,111554,2022,2022,2022
"2287",7032,30068,2019,2019,2019
"2288",7033,7000,2019,2019,2019
"2289",7034,67012,2019,2019,2019
"2290",7035,12665,2019,2019,2019
"2291",7036,7272,2019,2019,2019
"2292",7037,33444,2019,2019,2019
"2293",7038,21507,NA,NA,2036
"2294",7039,22536,2019,2019,2019
"2295",7040,51359,2019,2019,2019
"2296",7041,41266,2019,2019,2019
"2297",7042,10239,2019,2019,2019
"2298",7043,10176,2019,2019,2019
"2299",7044,24517,2019,2019,2019
"2300",7045,5478,2019,2019,2019
"2301",7046,37818,2019,2019,2019
"2302",7047,18683,2023,2023,2023
"2303",7048,21084,2019,2019,2019
"2304",7049,20349,2033,2034,2033
"2305",7050,4974,2019,2019,2019
"2306",7051,43913,2019,2019,2019
"2307",7052,111484,2019,2019,2019
"2308",7053,7793,2019,2019,2019
"2309",7054,26573,2019,2019,2019
"2310",7055,5033,2019,2019,2019
"2311",7056,11157,NA,NA,NA
"2312",7057,69119,2019,2019,2019
"2313",7058,4317,2019,2019,2019
"2314",7059,198877,2019,2019,2019
"2315",7060,11878,2025,2027,2025
"2316",7061,82059,2019,2019,2019
"2317",7062,17067,2019,2019,2019
"2318",7063,3792,2019,2019,2019
"2319",7064,43350,2036,2036,2036
"2320",7065,110918,2019,2019,2019
"2321",7066,20589,2022,2022,2022
"2322",7067,10870,2023,2024,2023
"2323",7068,29813,2019,2019,2019
"2324",7069,50079,2019,2019,2019
"2325",7070,13201,2019,2019,2019
"2326",7071,27899,2019,2019,2019
"2327",7072,31075,2024,2024,2024
"2328",7073,9002,2019,2019,2019
"2329",7074,40711,2019,2019,2019
"2330",7075,25530,2019,2019,2019
"2331",7076,25187,2019,2019,2019
"2332",7077,57253,2019,2019,2019
"2333",7078,185917,2036,2036,2035
"2334",7079,33060,2019,2019,2019
"2335",7080,38143,2019,2019,2019
"2336",7081,40297,2019,2019,2019
"2337",7082,12269,2019,2019,2019
"2338",7083,17125,2019,2019,2019
"2339",7084,8065,2019,2019,2019
"2340",7085,9740,2019,2019,2019
"2341",7086,21045,2019,2019,2019
"2342",7087,35056,2019,2019,2019
"2343",7088,2235,2019,2019,2019
"2344",7089,320451,2019,2019,2019
"2345",7090,4121,2024,2026,2024
"2346",7091,12170,2019,2019,2019
"2347",7092,41045,2019,2019,2019
"2348",7093,40268,2036,2036,NA
"2349",7094,37607,2032,2032,2032
"2350",7096,71432,2019,2019,2019
"2351",7097,84594,2019,2019,2019
"2352",7098,6375,2019,2019,2019
"2353",7099,72769,2019,2019,2019
"2354",7100,31723,2019,2019,2019
"2355",7101,553374,2019,2019,2019
"2356",7102,37737,2019,2019,2019
"2357",7103,28137,2019,2019,2019
"2358",7104,14009,2019,2019,2019
"2359",7105,14089,2019,2019,2019
"2360",7106,61341,2019,2019,2019
"2361",7107,74477,2019,2019,2019
"2362",7108,98618,2019,2019,2019
"2363",7109,34028,2019,2019,2019
"2364",7110,6734,2019,2019,2019
"2365",7111,36489,2024,2024,2024
"2366",7112,29016,2022,2023,2022
"2367",7113,5072,2028,2028,2026
"2368",7114,17282,2019,2019,2019
"2369",7115,11451,2019,2019,2019
"2370",7116,9856,2019,2019,2019
"2371",7117,6900,2019,2019,2019
"2372",7118,4545,2024,2024,2024
"2373",7119,3245,2033,2033,2033
"2374",8001,11457,2030,2030,2028
"2375",8002,22302,2023,2023,2022
"2376",8003,8409,2026,2027,2026
"2377",8004,10688,2024,2024,2023
"2378",8005,23975,2031,2032,2031
"2379",8006,6011,NA,NA,NA
"2380",8007,17672,NA,NA,NA
"2381",8008,14362,2025,2025,2024
"2382",8009,28766,2033,NA,2033
"2383",8010,22378,2029,2029,2029
"2384",8011,48748,2020,2020,2020
"2385",8012,8795,NA,NA,NA
"2386",8013,10587,2033,2033,2032
"2387",8014,2284,2027,2027,2027
"2388",8015,1681,2024,2024,2024
"2389",8016,3982,2021,2021,2021
"2390",8017,154639,NA,NA,NA
"2391",8018,5414,NA,NA,NA
"2392",8019,819543,2025,2025,2024
"2393",8020,8441,2019,2019,2019
"2394",8021,137935,2022,2022,2022
"2395",8022,2911,2031,2032,2031
"2396",8023,5892,2032,2033,2031
"2397",8024,3937,NA,NA,NA
"2398",8025,8624,NA,NA,NA
"2399",8026,3209,NA,NA,NA
"2400",8027,49689,NA,NA,NA
"2401",8028,6458,2029,2029,2027
"2402",8029,53499,2032,2032,2031
"2403",8030,8998,2024,2024,2024
"2404",8031,39626,NA,NA,NA
"2405",8032,107061,2024,2025,2024
"2406",8033,1049,2031,2032,2030
"2407",8034,6934,NA,NA,NA
"2408",8035,10953,2031,2031,2031
"2409",8036,41265,2019,2019,2019
"2410",8037,1332131,2030,2030,2028
"2411",8038,4953,2027,2028,2027
"2412",8039,4025,2020,2021,2020
"2413",8040,29611,2033,NA,NA
"2414",8041,1921,NA,NA,NA
"2415",8042,1601,2023,2023,2022
"2416",8043,3104,NA,NA,NA
"2417",8044,4499,2030,2032,2030
"2418",8045,43833,2024,2024,2024
"2419",8046,8343,2024,2024,2023
"2420",8047,5312,2026,2026,2026
"2421",8048,22880,NA,NA,NA
"2422",8049,2849,NA,NA,NA
"2423",8050,59337,2030,2030,2030
"2424",8051,7546,2029,2029,2029
"2425",8052,26304,2022,2022,2021
"2426",8053,4799,2030,2030,2028
"2427",8054,8012,NA,NA,NA
"2428",8055,16785,2023,2023,2023
"2429",8056,2235,2026,2027,2025
"2430",8057,2290,NA,NA,NA
"2431",8058,2983,2022,2022,2022
"2432",8059,4753,2030,2031,2029
"2433",8060,10427,2029,2030,2028
"2434",8061,3662,2030,2030,2030
"2435",8062,32325,2021,2021,2021
"2436",8063,6211,NA,NA,NA
"2437",8064,1869,2026,2026,2026
"2438",8065,20386,2025,2025,2025
"2439",8066,8200,2024,2024,2024
"2440",8067,5105,2025,2026,2025
"2441",9002,414711,NA,NA,2037
"2442",9003,620416,NA,NA,2037
"2443",9004,186391,NA,NA,2039
"2444",9005,1185772,2039,2039,2036
"2445",9006,384326,2039,2039,2036
"2446",9007,1815786,2039,2039,2036
"2447",9008,239086,NA,NA,2038
"2448",9009,130582,NA,NA,NA
"2449",9010,727034,NA,NA,2037
"2450",9011,360265,NA,NA,2037
"2451",9012,650567,NA,NA,2038
"2452",9013,415007,NA,NA,2037
"2453",9014,385439,2039,2039,2036
"2454",9015,531831,2039,2039,2036
"2455",9016,372889,NA,NA,2037
"2456",9017,430978,2039,2039,2036
