"","GAUL","YearInfected","YearPredicted","Residual"
"1",1001,NA,NA,0
"2",1002,NA,NA,0
"3",1003,2015,NA,-20
"4",1004,NA,NA,0
"5",1005,NA,NA,0
"6",1006,NA,NA,0
"7",1007,NA,NA,0
"8",1008,NA,NA,0
"9",1009,NA,NA,0
"10",1010,NA,NA,0
"11",1011,NA,NA,0
"12",2001,NA,NA,0
"13",2002,2015,2018,-3
"14",2003,NA,NA,0
"15",2004,NA,NA,0
"16",2005,NA,NA,0
"17",3001,2003,2002,1
"18",3002,2003,2001,2
"19",3003,2003,2003,0
"20",3008,2006,2004,2
"21",3009,2003,2002,1
"22",4001,2010,2010,0
"23",4002,2009,2010,-1
"24",4003,2009,2015,-6
"25",4004,2009,2009,0
"26",4005,2010,2011,-1
"27",4006,NA,NA,0
"28",4007,NA,NA,0
"29",4008,2009,2012,-3
"30",4009,1997,1997,0
"31",4010,2006,2006,0
"32",4011,2009,2009,0
"33",5001,NA,NA,0
"34",5002,2013,2013,0
"35",5003,NA,NA,0
"36",5004,NA,NA,0
"37",5005,2016,2016,0
"38",5006,2016,2018,-2
"39",5007,2005,2007,-2
"40",5008,NA,NA,0
"41",5009,2009,2009,0
"42",5010,2015,2017,-2
"43",5011,NA,NA,0
"44",5012,NA,NA,0
"45",5013,NA,NA,0
"46",5014,2013,2015,-2
"47",5015,2013,2016,-3
"48",5016,2016,2017,-1
"49",5017,2009,2009,0
"50",5018,2016,2017,-1
"51",5019,NA,NA,0
"52",5020,2012,2012,0
"53",5021,2016,2018,-2
"54",5022,NA,NA,0
"55",5023,2013,2013,0
"56",5024,NA,NA,0
"57",5025,2018,2018,0
"58",5026,2010,2013,-3
"59",5027,2012,2012,0
"60",5028,1996,1996,0
"61",5029,NA,NA,0
"62",5030,2014,2015,-1
"63",5031,2018,2019,-1
"64",5032,NA,NA,0
"65",5033,2007,2008,-1
"66",5034,NA,NA,0
"67",5035,2009,2009,0
"68",5036,NA,NA,0
"69",5037,NA,NA,0
"70",5038,NA,NA,0
"71",6001,2002,2002,0
"72",6002,1996,1996,0
"73",6003,2002,2002,0
"74",6004,2002,2000,2
"75",6005,2002,2002,0
"76",6006,2002,2002,0
"77",6007,1996,1996,0
"78",6008,2002,2002,0
"79",6009,2002,2002,0
"80",6010,2002,1999,3
"81",7001,2001,2006,-5
"82",7002,2002,2005,-3
"83",7003,2001,2006,-5
"84",7004,NA,NA,0
"85",7005,2002,2005,-3
"86",7006,2007,2009,-2
"87",7007,NA,NA,0
"88",7008,2006,2007,-1
"89",7009,2000,2005,-5
"90",7010,2010,2012,-2
"91",7011,2008,2011,-3
"92",7012,2001,2005,-4
"93",7013,2000,2005,-5
"94",7014,NA,NA,0
"95",7015,2001,2006,-5
"96",7016,2010,2013,-3
"97",7017,2005,2005,0
"98",7018,2011,2013,-2
"99",7019,2019,2019,0
"100",7020,2002,2006,-4
"101",7021,2005,2007,-2
"102",7022,NA,NA,0
"103",7023,NA,NA,0
"104",7024,NA,NA,0
"105",7025,NA,NA,0
"106",7026,NA,NA,0
"107",7027,2000,2004,-4
"108",7028,2005,2006,-1
"109",7029,2006,2006,0
"110",7030,2001,2009,-8
"111",7031,NA,NA,0
"112",7032,2001,2007,-6
"113",7033,2007,2008,-1
"114",7034,2001,2008,-7
"115",7035,2001,2006,-5
"116",7036,2013,2013,0
"117",7037,2001,2006,-5
"118",7038,NA,NA,0
"119",7039,2007,2012,-5
"120",7040,2000,2006,-6
"121",7041,2007,2011,-4
"122",7042,2005,NA,-20
"123",7043,2007,2007,0
"124",7044,2004,2005,-1
"125",7045,2013,2015,-2
"126",7046,2011,2011,0
"127",7047,NA,NA,0
"128",7048,2009,2009,0
"129",7049,NA,NA,0
"130",7050,2010,2015,-5
"131",7051,2001,2006,-5
"132",7052,2011,2013,-2
"133",7053,2007,2008,-1
"134",7054,2006,2006,0
"135",7055,2001,2006,-5
"136",7056,NA,NA,0
"137",7057,2001,2006,-5
"138",7058,2005,2007,-2
"139",7059,2006,2014,-8
"140",7060,NA,NA,0
"141",7061,2004,2005,-1
"142",7062,2007,2007,0
"143",7063,2014,2014,0
"144",7064,NA,NA,0
"145",7065,2001,2013,-12
"146",7066,NA,NA,0
"147",7067,NA,NA,0
"148",7068,2001,2006,-5
"149",7069,2001,2005,-4
"150",7070,2013,2016,-3
"151",7071,2001,2006,-5
"152",7072,NA,NA,0
"153",7073,2005,NA,-20
"154",7074,2001,2005,-4
"155",7075,2010,2012,-2
"156",7076,2007,2011,-4
"157",7077,2009,2013,-4
"158",7078,NA,NA,0
"159",7079,2005,2005,0
"160",7080,2015,2017,-2
"161",7081,2001,2013,-12
"162",7082,2010,2015,-5
"163",7083,2005,2008,-3
"164",7084,2012,2014,-2
"165",7085,2008,2008,0
"166",7086,2000,2005,-5
"167",7087,2002,2006,-4
"168",7088,2012,2014,-2
"169",7089,2001,2005,-4
"170",7090,NA,NA,0
"171",7091,2002,NA,-20
"172",7092,2000,2005,-5
"173",7093,NA,NA,0
"174",7094,NA,NA,0
"175",7096,2012,2012,0
"176",7097,2000,2004,-4
"177",7098,2005,2007,-2
"178",7099,2007,2009,-2
"179",7100,2013,2013,0
"180",7101,2000,2004,-4
"181",7102,2001,2006,-5
"182",7103,2002,2006,-4
"183",7104,2001,2009,-8
"184",7105,2002,2006,-4
"185",7106,2001,2005,-4
"186",7107,2000,2005,-5
"187",7108,2000,2005,-5
"188",7109,2002,2013,-11
"189",7110,2005,2005,0
"190",7111,NA,NA,0
"191",7112,NA,NA,0
"192",7113,NA,NA,0
"193",7114,2003,2015,-12
"194",7115,2009,2015,-6
"195",7116,2007,2016,-9
"196",7117,2013,2013,0
"197",7118,NA,NA,0
"198",7119,NA,NA,0
"199",8001,NA,NA,0
"200",8002,NA,NA,0
"201",8003,NA,NA,0
"202",8004,NA,NA,0
"203",8005,NA,NA,0
"204",8006,NA,NA,0
"205",8007,NA,NA,0
"206",8008,NA,NA,0
"207",8009,NA,NA,0
"208",8010,NA,NA,0
"209",8011,NA,NA,0
"210",8012,NA,NA,0
"211",8013,NA,NA,0
"212",8014,NA,NA,0
"213",8015,NA,NA,0
"214",8016,NA,NA,0
"215",8017,NA,NA,0
"216",8018,NA,NA,0
"217",8019,NA,NA,0
"218",8020,2015,2017,-2
"219",8021,NA,NA,0
"220",8022,NA,NA,0
"221",8023,NA,NA,0
"222",8024,NA,NA,0
"223",8025,NA,NA,0
"224",8026,NA,NA,0
"225",8027,NA,NA,0
"226",8028,NA,NA,0
"227",8029,NA,NA,0
"228",8030,NA,NA,0
"229",8031,NA,NA,0
"230",8032,NA,NA,0
"231",8033,NA,NA,0
"232",8034,NA,NA,0
"233",8035,NA,NA,0
"234",8036,2019,NA,-20
"235",8037,NA,NA,0
"236",8038,NA,NA,0
"237",8039,NA,NA,0
"238",8040,NA,NA,0
"239",8041,NA,NA,0
"240",8042,NA,NA,0
"241",8043,NA,NA,0
"242",8044,NA,NA,0
"243",8045,NA,NA,0
"244",8046,NA,NA,0
"245",8047,NA,NA,0
"246",8048,NA,NA,0
"247",8049,NA,NA,0
"248",8050,NA,NA,0
"249",8051,NA,NA,0
"250",8052,NA,NA,0
"251",8053,NA,NA,0
"252",8054,NA,NA,0
"253",8055,NA,NA,0
"254",8056,NA,NA,0
"255",8057,NA,NA,0
"256",8058,NA,NA,0
"257",8059,NA,NA,0
"258",8060,NA,NA,0
"259",8061,NA,NA,0
"260",8062,NA,NA,0
"261",8063,NA,NA,0
"262",8064,NA,NA,0
"263",8065,NA,NA,0
"264",8066,NA,NA,0
"265",8067,NA,NA,0
"266",9002,NA,NA,0
"267",9003,NA,NA,0
"268",9004,NA,NA,0
"269",9005,NA,NA,0
"270",9006,NA,NA,0
"271",9007,NA,NA,0
"272",9008,NA,NA,0
"273",9009,NA,NA,0
"274",9010,NA,NA,0
"275",9011,NA,NA,0
"276",9012,NA,NA,0
"277",9013,NA,NA,0
"278",9014,NA,NA,0
"279",9015,NA,NA,0
"280",9016,NA,NA,0
"281",9017,NA,NA,0
"282",10001,NA,NA,0
"283",10002,NA,NA,0
"284",10003,NA,NA,0
"285",10004,2017,2017,0
"286",10005,NA,NA,0
"287",10006,NA,NA,0
"288",10007,2009,2010,-1
"289",10008,NA,NA,0
"290",10009,NA,NA,0
"291",10010,NA,NA,0
"292",10011,NA,NA,0
"293",10012,2015,2017,-2
"294",10013,2009,2011,-2
"295",10014,2015,2017,-2
"296",10015,2009,2013,-4
"297",10016,NA,NA,0
"298",10017,NA,NA,0
"299",10018,NA,NA,0
"300",10019,NA,NA,0
"301",10020,NA,NA,0
"302",10021,NA,NA,0
"303",10022,NA,NA,0
"304",10023,NA,NA,0
"305",10024,NA,NA,0
"306",10025,NA,NA,0
"307",10026,2014,2017,-3
"308",10027,NA,NA,0
"309",10028,NA,NA,0
"310",10029,NA,NA,0
"311",10030,NA,NA,0
"312",10031,NA,NA,0
"313",10032,NA,NA,0
"314",10033,NA,NA,0
"315",10034,2015,2017,-2
"316",10035,NA,NA,0
"317",10036,2018,2018,0
"318",10037,NA,NA,0
"319",10038,NA,NA,0
"320",10039,NA,NA,0
"321",11001,NA,NA,0
"322",11002,2017,NA,-20
"323",11003,NA,NA,0
"324",11004,NA,NA,0
"325",11005,2017,NA,-20
"326",11006,NA,NA,0
"327",11007,2017,NA,-20
"328",11008,NA,NA,0
"329",11009,2017,NA,-20
"330",11010,NA,NA,0
"331",11011,2017,NA,-20
"332",11012,NA,NA,0
"333",11013,NA,NA,0
"334",11014,NA,NA,0
"335",11015,NA,NA,0
"336",11016,NA,NA,0
"337",11017,2019,NA,-20
"338",11018,NA,NA,0
"339",11019,NA,NA,0
"340",11020,2017,NA,-20
"341",11021,NA,NA,0
"342",11022,NA,NA,0
"343",11023,NA,NA,0
"344",11024,NA,NA,0
"345",11025,NA,NA,0
"346",11026,2017,NA,-20
"347",11027,2017,NA,-20
"348",11028,2017,NA,-20
"349",11029,NA,NA,0
"350",11030,NA,NA,0
"351",11031,2017,NA,-20
"352",11032,NA,NA,0
"353",11033,NA,NA,0
"354",11034,NA,NA,0
"355",11035,2017,NA,-20
"356",11036,2017,NA,-20
"357",11037,2017,NA,-20
"358",11038,NA,NA,0
"359",11039,2017,NA,-20
"360",11040,NA,NA,0
"361",11041,NA,NA,0
"362",11042,NA,NA,0
"363",11043,NA,NA,0
"364",11044,2017,NA,-20
"365",11045,NA,NA,0
"366",11046,NA,NA,0
"367",12001,2001,1998,3
"368",12002,2009,2012,-3
"369",12003,2007,2008,-1
"370",12004,2006,2015,-9
"371",12005,2007,2014,-7
"372",12006,2003,2003,0
"373",12007,2007,2008,-1
"374",12008,2005,2005,0
"375",12009,NA,NA,0
"376",12010,2010,2014,-4
"377",12011,2001,2000,1
"378",12012,2002,1999,3
"379",12013,2002,2003,-1
"380",12014,2001,2001,0
"381",12015,2003,2003,0
"382",12016,2009,2011,-2
"383",12017,2003,2003,0
"384",12018,2007,2007,0
"385",12019,2003,2003,0
"386",12020,2009,2014,-5
"387",12021,2002,1999,3
"388",12022,2001,2003,-2
"389",12023,2007,2007,0
"390",12024,2009,2014,-5
"391",12025,2010,2013,-3
"392",12026,2009,2013,-4
"393",12027,2008,2011,-3
"394",12028,2010,2013,-3
"395",12029,2006,2006,0
"396",12030,2002,2002,0
"397",12031,2009,2013,-4
"398",12032,2011,2013,-2
"399",12033,2006,2014,-8
"400",12034,2005,2005,0
"401",12035,2007,2008,-1
"402",12036,2002,2003,-1
"403",12037,2005,2013,-8
"404",12038,2015,2015,0
"405",12039,2002,2002,0
"406",12040,2007,2008,-1
"407",12041,2006,2008,-2
"408",12042,2002,2003,-1
"409",12043,2009,2010,-1
"410",12044,2002,2003,-1
"411",12045,2007,2013,-6
"412",12046,2002,2002,0
"413",12047,2009,2014,-5
"414",12048,2001,2003,-2
"415",12049,2008,2012,-4
"416",12050,2004,2004,0
"417",12051,2007,2011,-4
"418",12052,2006,2004,2
"419",12053,2001,1999,2
"420",12054,2007,2009,-2
"421",12055,2009,2009,0
"422",12056,2008,2004,4
"423",12057,2001,2002,-1
"424",12058,2007,2009,-2
"425",12059,2002,2002,0
"426",12060,2010,2010,0
"427",12061,2007,2008,-1
"428",12062,2010,2011,-1
"429",12063,1996,1996,0
"430",12064,2007,2013,-6
"431",12065,2006,2014,-8
"432",12066,2004,2013,-9
"433",12067,2001,2001,0
"434",12068,2002,2003,-1
"435",12069,2009,2014,-5
"436",12070,2010,2014,-4
"437",12071,2002,2003,-1
"438",12072,NA,NA,0
"439",12073,2007,2008,-1
"440",12074,2007,2009,-2
"441",12075,2003,2003,0
"442",12076,NA,NA,0
"443",12077,2002,2004,-2
"444",12078,NA,NA,0
"445",12079,NA,NA,0
"446",12080,2002,2004,-2
"447",12081,2009,2012,-3
"448",13001,NA,NA,0
"449",13002,NA,NA,0
"450",13003,NA,NA,0
"451",13004,NA,NA,0
"452",13005,NA,NA,0
"453",13006,NA,NA,0
"454",13007,NA,NA,0
"455",13008,NA,NA,0
"456",13009,NA,NA,0
"457",13010,NA,NA,0
"458",13011,2005,2008,-3
"459",13012,NA,NA,0
"460",13013,NA,NA,0
"461",13014,2009,2013,-4
"462",13015,NA,NA,0
"463",13016,NA,NA,0
"464",13017,NA,NA,0
"465",13018,2014,2017,-3
"466",13019,NA,NA,0
"467",13020,NA,NA,0
"468",13021,NA,NA,0
"469",13022,NA,NA,0
"470",13023,NA,NA,0
"471",13024,NA,NA,0
"472",13025,2009,2009,0
"473",13026,2016,2017,-1
"474",13027,2004,2004,0
"475",13028,2009,2009,0
"476",13029,NA,NA,0
"477",13030,NA,NA,0
"478",13031,NA,NA,0
"479",13032,2009,2009,0
"480",13033,NA,NA,0
"481",13034,2013,2017,-4
"482",13035,NA,NA,0
"483",13036,NA,NA,0
"484",13037,NA,NA,0
"485",13038,NA,NA,0
"486",13039,NA,NA,0
"487",13040,NA,NA,0
"488",13041,NA,NA,0
"489",13042,NA,NA,0
"490",13043,NA,NA,0
"491",13044,NA,NA,0
"492",13045,NA,NA,0
"493",13046,2009,2010,-1
"494",13047,NA,NA,0
"495",13048,NA,NA,0
"496",13049,2016,2018,-2
"497",13050,NA,NA,0
"498",13051,NA,NA,0
"499",13052,NA,NA,0
"500",13053,NA,NA,0
"501",13054,NA,NA,0
"502",13055,NA,NA,0
"503",13056,NA,NA,0
"504",13057,NA,NA,0
"505",13058,NA,NA,0
"506",13059,NA,NA,0
"507",13060,NA,NA,0
"508",13061,NA,NA,0
"509",13062,2013,2016,-3
"510",13063,NA,NA,0
"511",13064,NA,NA,0
"512",13065,NA,NA,0
"513",13066,NA,NA,0
"514",13067,NA,NA,0
"515",13068,2015,2018,-3
"516",13069,NA,NA,0
"517",13070,NA,NA,0
"518",13071,NA,NA,0
"519",13072,NA,NA,0
"520",13073,2009,2013,-4
"521",13074,NA,NA,0
"522",13075,NA,NA,0
"523",13076,NA,NA,0
"524",13077,NA,NA,0
"525",13078,2009,2009,0
"526",13079,NA,NA,0
"527",13080,2009,2010,-1
"528",13081,NA,NA,0
"529",13082,NA,NA,0
"530",13083,NA,NA,0
"531",13084,NA,NA,0
"532",14001,2019,NA,-20
"533",14002,2009,2018,-9
"534",14003,2009,2017,-8
"535",14004,2009,2019,-10
"536",14005,2009,2016,-7
"537",14006,2009,2017,-8
"538",14007,2009,2018,-9
"539",14008,NA,NA,0
"540",14009,2009,2017,-8
"541",14010,NA,NA,0
"542",14011,NA,NA,0
"543",14012,2019,2019,0
"544",14013,2019,NA,-20
"545",14014,2009,2019,-10
"546",14015,2002,2002,0
"547",14016,2018,NA,-20
"548",14017,2005,2006,-1
"549",14018,2009,NA,-20
"550",14019,2015,2016,-1
"551",14020,2006,2006,0
"552",14021,2009,2009,0
"553",14022,2007,2009,-2
"554",14023,2009,2017,-8
"555",14024,2009,2018,-9
"556",14025,2019,NA,-20
"557",14026,NA,NA,0
"558",14027,NA,NA,0
"559",14028,2009,2011,-2
"560",14029,2019,2019,0
"561",14030,2016,NA,-20
"562",14031,2017,2017,0
"563",14032,NA,NA,0
"564",14033,NA,NA,0
"565",14034,2009,2012,-3
"566",14035,NA,NA,0
"567",14036,2015,2017,-2
"568",14037,2002,2003,-1
"569",14038,2009,2015,-6
"570",14039,2013,2017,-4
"571",14040,2012,2013,-1
"572",14041,NA,NA,0
"573",14042,2019,NA,-20
"574",14043,2002,2003,-1
"575",14044,2016,2019,-3
"576",14045,2014,2018,-4
"577",14046,NA,NA,0
"578",14047,2014,NA,-20
"579",14048,NA,NA,0
"580",14049,2009,2011,-2
"581",14050,2016,2019,-3
"582",14051,2016,2018,-2
"583",14052,2009,2013,-4
"584",14053,NA,NA,0
"585",14054,2010,2011,-1
"586",14055,2012,2015,-3
"587",14056,NA,NA,0
"588",14057,2019,NA,-20
"589",14058,2009,2017,-8
"590",14059,NA,NA,0
"591",14060,2015,2018,-3
"592",14061,NA,NA,0
"593",14062,2016,2017,-1
"594",14063,2013,2019,-6
"595",14064,NA,NA,0
"596",14065,2009,2009,0
"597",14066,2016,NA,-20
"598",14067,2002,2002,0
"599",14068,2009,2009,0
"600",14069,NA,NA,0
"601",14070,2013,2018,-5
"602",14071,2009,2017,-8
"603",14072,NA,NA,0
"604",14073,NA,NA,0
"605",14074,NA,NA,0
"606",14075,2015,2018,-3
"607",14076,2015,2015,0
"608",14077,2009,2018,-9
"609",14078,NA,NA,0
"610",14079,2009,2018,-9
"611",14080,2009,2018,-9
"612",14081,2019,NA,-20
"613",14082,2007,2018,-11
"614",14083,2009,2017,-8
"615",14084,2010,2017,-7
"616",14085,2009,2013,-4
"617",14086,NA,NA,0
"618",14087,2007,2008,-1
"619",14088,2016,2017,-1
"620",14089,2009,NA,-20
"621",14090,2018,2018,0
"622",14091,NA,NA,0
"623",14092,2009,2019,-10
"624",14093,NA,NA,0
"625",14094,2009,2015,-6
"626",14095,2009,2018,-9
"627",14096,2014,2019,-5
"628",14097,2019,2019,0
"629",14098,2009,2017,-8
"630",14099,2009,2009,0
"631",14100,2003,2003,0
"632",14101,2009,2017,-8
"633",14102,2009,2012,-3
"634",14103,2009,2009,0
"635",14104,NA,NA,0
"636",14105,2019,NA,-20
"637",14106,2010,2013,-3
"638",14107,2012,NA,-20
"639",14108,2009,2011,-2
"640",14109,NA,NA,0
"641",14110,2015,2015,0
"642",14111,NA,NA,0
"643",14112,NA,NA,0
"644",14113,2017,2018,-1
"645",14114,2009,2018,-9
"646",14115,NA,NA,0
"647",14116,NA,NA,0
"648",14117,2009,2017,-8
"649",14118,2019,2019,0
"650",14119,2016,2019,-3
"651",14120,2009,2016,-7
"652",14121,2009,2012,-3
"653",14122,2009,2010,-1
"654",14123,2019,NA,-20
"655",14124,2019,2019,0
"656",14125,NA,NA,0
"657",15001,NA,NA,0
"658",15002,NA,NA,0
"659",15003,NA,NA,0
"660",15004,NA,NA,0
"661",15005,NA,NA,0
"662",15006,NA,NA,0
"663",15007,NA,NA,0
"664",15008,2015,2016,-1
"665",15009,NA,NA,0
"666",15010,NA,NA,0
"667",15011,NA,NA,0
"668",15012,2007,2008,-1
"669",15013,NA,NA,0
"670",15014,NA,NA,0
"671",15015,NA,NA,0
"672",15016,NA,NA,0
"673",15017,NA,NA,0
"674",15018,NA,NA,0
"675",15019,NA,NA,0
"676",15020,NA,NA,0
"677",15021,NA,NA,0
"678",15022,NA,NA,0
"679",15023,NA,NA,0
"680",15024,NA,NA,0
"681",15025,NA,NA,0
"682",15026,NA,NA,0
"683",15027,NA,NA,0
"684",15028,NA,NA,0
"685",15029,NA,NA,0
"686",15030,NA,NA,0
"687",15031,NA,NA,0
"688",15032,NA,NA,0
"689",15033,NA,NA,0
"690",15034,NA,NA,0
"691",15035,NA,NA,0
"692",15036,NA,NA,0
"693",15037,NA,NA,0
"694",15038,NA,NA,0
"695",15039,NA,NA,0
"696",15040,NA,NA,0
"697",15041,NA,NA,0
"698",15042,NA,NA,0
"699",15043,NA,NA,0
"700",15044,NA,NA,0
"701",15045,NA,NA,0
"702",15046,NA,NA,0
"703",15047,NA,NA,0
"704",15048,NA,NA,0
"705",15049,NA,NA,0
"706",15050,NA,NA,0
"707",15051,NA,NA,0
"708",15052,2012,2015,-3
"709",15053,NA,NA,0
"710",15054,NA,NA,0
"711",15055,NA,NA,0
"712",15056,NA,NA,0
"713",15057,NA,NA,0
"714",15058,NA,NA,0
"715",15059,NA,NA,0
"716",15060,NA,NA,0
"717",15061,NA,NA,0
"718",15062,NA,NA,0
"719",15063,NA,NA,0
"720",15064,NA,NA,0
"721",15065,NA,NA,0
"722",15066,2018,2019,-1
"723",15067,NA,NA,0
"724",15068,NA,NA,0
"725",15069,NA,NA,0
"726",15070,NA,NA,0
"727",15071,NA,NA,0
"728",15072,NA,NA,0
"729",15073,NA,NA,0
"730",15074,NA,NA,0
"731",15075,NA,NA,0
"732",15076,NA,NA,0
"733",15077,2017,2017,0
"734",15078,2012,2014,-2
"735",15079,NA,NA,0
"736",15080,2009,2013,-4
"737",15081,NA,NA,0
"738",15082,2012,2016,-4
"739",15083,NA,NA,0
"740",15084,NA,NA,0
"741",15085,NA,NA,0
"742",15086,NA,NA,0
"743",15087,NA,NA,0
"744",15088,NA,NA,0
"745",15089,NA,NA,0
"746",15090,NA,NA,0
"747",15091,NA,NA,0
"748",15092,NA,NA,0
"749",15093,NA,NA,0
"750",15094,NA,NA,0
"751",15095,NA,NA,0
"752",15096,NA,NA,0
"753",15097,NA,NA,0
"754",15098,NA,NA,0
"755",15099,NA,NA,0
"756",15100,NA,NA,0
"757",15101,NA,NA,0
"758",15102,NA,NA,0
"759",15103,NA,NA,0
"760",15104,NA,NA,0
"761",15105,2009,2009,0
"762",15106,NA,NA,0
"763",15107,2009,2013,-4
"764",15108,NA,NA,0
"765",15109,NA,NA,0
"766",15110,NA,NA,0
"767",15111,NA,NA,0
"768",15112,NA,NA,0
"769",15113,NA,NA,0
"770",15114,NA,NA,0
"771",15115,NA,NA,0
"772",15116,2017,2017,0
"773",15117,2012,2016,-4
"774",15118,NA,NA,0
"775",15119,NA,NA,0
"776",15120,NA,NA,0
"777",15121,NA,NA,0
"778",15122,NA,NA,0
"779",15123,2012,2017,-5
"780",15124,NA,NA,0
"781",15125,NA,NA,0
"782",16001,NA,NA,0
"783",16002,2009,2011,-2
"784",16003,NA,NA,0
"785",16004,NA,NA,0
"786",16005,NA,NA,0
"787",16006,2002,2002,0
"788",16007,NA,NA,0
"789",16008,2007,2013,-6
"790",16009,NA,NA,0
"791",16010,1996,1996,0
"792",16011,2009,NA,-20
"793",16012,2008,2013,-5
"794",16013,2009,2011,-2
"795",16014,2002,2002,0
"796",16015,2009,2012,-3
"797",16016,NA,NA,0
"798",16017,NA,NA,0
"799",16018,NA,NA,0
"800",16019,NA,NA,0
"801",16020,2019,NA,-20
"802",16021,NA,NA,0
"803",16022,2008,NA,-20
"804",16023,2013,2019,-6
"805",16024,NA,NA,0
"806",16025,NA,NA,0
"807",16026,2009,2012,-3
"808",16027,NA,NA,0
"809",16028,NA,NA,0
"810",16029,2011,2013,-2
"811",16030,2015,2019,-4
"812",16031,NA,NA,0
"813",16032,NA,NA,0
"814",16033,2002,2004,-2
"815",16034,NA,NA,0
"816",16035,2008,2011,-3
"817",16036,NA,NA,0
"818",16037,NA,NA,0
"819",16038,2008,2010,-2
"820",16039,NA,NA,0
"821",16040,NA,NA,0
"822",16041,NA,NA,0
"823",16042,2010,2019,-9
"824",16043,2009,2019,-10
"825",16044,NA,NA,0
"826",16045,2009,NA,-20
"827",16046,2009,2009,0
"828",16047,2013,2013,0
"829",16048,NA,NA,0
"830",16049,NA,NA,0
"831",16050,NA,NA,0
"832",16051,NA,NA,0
"833",16052,2006,2006,0
"834",16053,2015,NA,-20
"835",16054,NA,NA,0
"836",16055,2002,2003,-1
"837",16056,NA,NA,0
"838",16057,2008,2013,-5
"839",16058,NA,NA,0
"840",16059,2009,2013,-4
"841",16060,2019,NA,-20
"842",16061,NA,NA,0
"843",16062,2014,NA,-20
"844",16063,NA,NA,0
"845",16064,2002,2003,-1
"846",16065,NA,NA,0
"847",16066,NA,NA,0
"848",16067,NA,NA,0
"849",16068,2009,NA,-20
"850",16069,2012,2019,-7
"851",16070,NA,NA,0
"852",16071,2019,NA,-20
"853",16072,NA,NA,0
"854",16073,NA,NA,0
"855",16074,2014,NA,-20
"856",16075,2009,NA,-20
"857",16076,2010,NA,-20
"858",16077,2003,2003,0
"859",16078,NA,NA,0
"860",16079,NA,NA,0
"861",16080,NA,NA,0
"862",16081,2013,2013,0
"863",16082,2013,2013,0
"864",16083,NA,NA,0
"865",16084,NA,NA,0
"866",16085,NA,NA,0
"867",16086,2018,NA,-20
"868",16087,2009,2014,-5
"869",16088,NA,NA,0
"870",16089,2002,2002,0
"871",16090,NA,NA,0
"872",16091,NA,NA,0
"873",16092,2009,2009,0
"874",16093,NA,NA,0
"875",16094,NA,NA,0
"876",16095,2009,NA,-20
"877",16096,2009,2011,-2
"878",16097,2009,2012,-3
"879",16098,NA,NA,0
"880",16099,2004,2004,0
"881",16100,2019,NA,-20
"882",16101,2009,NA,-20
"883",16102,2016,2018,-2
"884",16103,2013,NA,-20
"885",16104,2010,NA,-20
"886",16105,2009,NA,-20
"887",16106,2009,2019,-10
"888",16107,NA,NA,0
"889",16108,2009,2018,-9
"890",16109,2015,NA,-20
"891",16110,NA,NA,0
"892",16111,2016,2017,-1
"893",16112,NA,NA,0
"894",16113,2019,NA,-20
"895",17001,2006,2008,-2
"896",17002,2006,2003,3
"897",17003,2006,2008,-2
"898",17004,2002,1999,3
"899",17005,2008,2008,0
"900",17006,2006,2001,5
"901",17007,2005,2004,1
"902",17008,2006,2004,2
"903",17009,2008,2008,0
"904",17010,2006,2008,-2
"905",17011,2006,2003,3
"906",17012,2004,2004,0
"907",17013,2007,2009,-2
"908",17014,2008,2008,0
"909",17015,2006,2007,-1
"910",17016,NA,NA,0
"911",17017,2004,2004,0
"912",17018,2006,2006,0
"913",17019,2006,2008,-2
"914",17020,2008,2008,0
"915",17021,2008,2009,-1
"916",17022,2006,2017,-11
"917",17023,2006,2007,-1
"918",17024,2006,2006,0
"919",17025,2006,2006,0
"920",17026,2012,2004,8
"921",17027,2008,2006,2
"922",17028,2005,2005,0
"923",17029,2006,2002,4
"924",17030,2006,2002,4
"925",17031,2006,2008,-2
"926",17032,2006,2016,-10
"927",17033,2008,2015,-7
"928",18001,2002,2003,-1
"929",18002,2007,2013,-6
"930",18003,2009,2013,-4
"931",18004,2002,2002,0
"932",18005,2009,2013,-4
"933",18006,2007,2012,-5
"934",18007,2007,2013,-6
"935",18008,2009,2014,-5
"936",18009,2006,2006,0
"937",18010,2002,2003,-1
"938",18011,2006,2006,0
"939",18012,2002,2003,-1
"940",18013,2007,2013,-6
"941",18014,2009,2012,-3
"942",18015,2002,2003,-1
"943",18016,2002,2003,-1
"944",18017,2002,2002,0
"945",18018,2002,2003,-1
"946",18019,2009,2009,0
"947",18020,2006,2006,0
"948",19001,2010,2012,-2
"949",19002,2009,2009,0
"950",19003,2010,2012,-2
"951",19004,2006,2008,-2
"952",19005,2006,2013,-7
"953",19006,2007,2011,-4
"954",19007,2013,2017,-4
"955",19008,2012,2012,0
"956",19009,1996,1996,0
"957",19010,2010,2010,0
"958",19011,2012,2013,-1
"959",19012,2013,2013,0
"960",19013,2007,2010,-3
"961",19014,2011,2016,-5
"962",19015,2009,2013,-4
"963",19016,2009,2010,-1
"964",19017,2010,2013,-3
"965",19018,2013,2013,0
"966",19019,2013,2013,0
"967",19020,2010,2012,-2
"968",19021,2007,2010,-3
"969",19022,2009,2010,-1
"970",19023,NA,NA,0
"971",19024,NA,NA,0
"972",19025,2013,2013,0
"973",19026,2007,2008,-1
"974",19027,2011,2017,-6
"975",19028,2009,2011,-2
"976",19029,2010,2010,0
"977",19030,2007,2010,-3
"978",19031,2013,2013,0
"979",19032,2010,2013,-3
"980",19033,2008,2008,0
"981",19034,2009,2010,-1
"982",19035,2010,2016,-6
"983",19036,2010,2015,-5
"984",19037,2010,2011,-1
"985",19038,2009,2009,0
"986",19039,2005,2005,0
"987",19040,2012,2012,0
"988",19041,2007,2008,-1
"989",19042,2009,2010,-1
"990",19043,2007,2009,-2
"991",19044,2010,2010,0
"992",19045,2000,2000,0
"993",19046,2006,2013,-7
"994",19047,2010,2010,0
"995",19048,2007,2007,0
"996",19049,2010,2012,-2
"997",19050,2009,2010,-1
"998",19051,2010,2010,0
"999",20001,NA,NA,0
"1000",20002,2009,2011,-2
"1001",20003,NA,NA,0
"1002",20004,NA,NA,0
"1003",20005,2007,2008,-1
"1004",20006,NA,NA,0
"1005",20007,NA,NA,0
"1006",20008,2009,2011,-2
"1007",20009,2007,2011,-4
"1008",20010,2009,2012,-3
"1009",20011,NA,NA,0
"1010",20012,2006,2002,4
"1011",20013,NA,NA,0
"1012",20014,2002,2008,-6
"1013",20015,2012,2016,-4
"1014",20016,NA,NA,0
"1015",20017,2019,2019,0
"1016",20018,NA,NA,0
"1017",20019,NA,NA,0
"1018",20020,NA,NA,0
"1019",20021,2005,2005,0
"1020",20022,2002,2010,-8
"1021",20023,2013,2013,0
"1022",20024,NA,NA,0
"1023",20025,2008,2010,-2
"1024",20026,NA,NA,0
"1025",20027,NA,NA,0
"1026",20028,2007,2008,-1
"1027",20029,2013,2015,-2
"1028",20030,2006,2008,-2
"1029",20031,NA,NA,0
"1030",20032,2010,2017,-7
"1031",20033,2007,2016,-9
"1032",20034,2010,2018,-8
"1033",20035,NA,NA,0
"1034",20036,2007,2012,-5
"1035",20037,NA,NA,0
"1036",20038,2019,NA,-20
"1037",20039,2013,2015,-2
"1038",20040,2002,2006,-4
"1039",20041,NA,NA,0
"1040",20042,2012,2013,-1
"1041",20043,2001,2006,-5
"1042",20044,2007,2008,-1
"1043",20045,2007,2018,-11
"1044",20046,NA,NA,0
"1045",20047,NA,NA,0
"1046",20048,2009,2011,-2
"1047",20049,2019,2019,0
"1048",20050,NA,NA,0
"1049",20051,2002,2019,-17
"1050",20052,2002,2007,-5
"1051",20053,2005,2008,-3
"1052",20054,NA,NA,0
"1053",20055,2010,2017,-7
"1054",20056,2006,2006,0
"1055",20057,2007,2008,-1
"1056",20058,NA,NA,0
"1057",20059,2007,2009,-2
"1058",20060,NA,NA,0
"1059",20061,NA,NA,0
"1060",20062,NA,NA,0
"1061",20063,2010,2015,-5
"1062",20064,2009,2019,-10
"1063",20065,NA,NA,0
"1064",20066,2007,2008,-1
"1065",20067,2007,2007,0
"1066",20068,2006,2007,-1
"1067",20069,2009,2009,0
"1068",20070,2007,2007,0
"1069",20071,2006,2005,1
"1070",20072,NA,NA,0
"1071",20073,2010,2012,-2
"1072",20074,NA,NA,0
"1073",20075,2010,2012,-2
"1074",20076,2010,2012,-2
"1075",20077,2019,2019,0
"1076",20078,NA,NA,0
"1077",20079,2000,2004,-4
"1078",20080,2010,2016,-6
"1079",20081,2019,2019,0
"1080",20082,2007,2008,-1
"1081",20083,2007,2007,0
"1082",20084,2006,2014,-8
"1083",20085,2006,2004,2
"1084",20086,2007,2008,-1
"1085",20087,2007,2007,0
"1086",20088,NA,NA,0
"1087",20089,2019,NA,-20
"1088",20090,2006,2006,0
"1089",20091,2013,2016,-3
"1090",20092,2015,2016,-1
"1091",20093,NA,NA,0
"1092",20094,NA,NA,0
"1093",20095,NA,NA,0
"1094",20096,NA,NA,0
"1095",20097,NA,NA,0
"1096",20098,2015,2017,-2
"1097",20099,NA,NA,0
"1098",20100,NA,NA,0
"1099",20101,NA,NA,0
"1100",20102,2014,2018,-4
"1101",20103,2010,2010,0
"1102",20104,2014,2019,-5
"1103",20105,NA,NA,0
"1104",20106,NA,NA,0
"1105",20107,2006,2006,0
"1106",20108,NA,NA,0
"1107",20109,2013,2013,0
"1108",20110,NA,NA,0
"1109",20111,2007,2007,0
"1110",20112,2019,NA,-20
"1111",20113,NA,NA,0
"1112",20114,NA,NA,0
"1113",20115,2014,2015,-1
"1114",20116,NA,NA,0
"1115",20117,2009,2009,0
"1116",20118,NA,NA,0
"1117",20119,NA,NA,0
"1118",20120,NA,NA,0
"1119",20121,NA,NA,0
"1120",20122,2011,NA,-20
"1121",20123,2002,2002,0
"1122",20124,2003,2005,-2
"1123",20125,2010,NA,-20
"1124",20126,NA,NA,0
"1125",20127,NA,NA,0
"1126",20128,NA,NA,0
"1127",20129,NA,NA,0
"1128",20130,2005,2008,-3
"1129",20131,NA,NA,0
"1130",20132,2019,2019,0
"1131",20133,NA,NA,0
"1132",20134,2002,2002,0
"1133",20135,NA,NA,0
"1134",20136,2010,2017,-7
"1135",20137,2013,NA,-20
"1136",20138,NA,NA,0
"1137",20139,2010,2014,-4
"1138",20140,NA,NA,0
"1139",20141,2007,2012,-5
"1140",20142,NA,NA,0
"1141",20143,2007,2011,-4
"1142",20144,NA,NA,0
"1143",20145,2010,2013,-3
"1144",20146,NA,NA,0
"1145",20147,NA,NA,0
"1146",20148,2007,2013,-6
"1147",20149,2014,2018,-4
"1148",20150,2019,NA,-20
"1149",20151,NA,NA,0
"1150",20152,NA,NA,0
"1151",20153,2007,2008,-1
"1152",20154,NA,NA,0
"1153",20155,NA,NA,0
"1154",20156,2012,2015,-3
"1155",20157,2006,2008,-2
"1156",20158,NA,NA,0
"1157",20159,NA,NA,0
"1158",20160,NA,NA,0
"1159",20161,NA,NA,0
"1160",20162,NA,NA,0
"1161",20163,NA,NA,0
"1162",20164,NA,NA,0
"1163",20165,2010,2019,-9
"1164",20166,2003,2003,0
"1165",20167,NA,NA,0
"1166",20168,2006,2008,-2
"1167",20169,NA,NA,0
"1168",20170,2019,NA,-20
"1169",20171,NA,NA,0
"1170",20172,NA,NA,0
"1171",20173,2014,2015,-1
"1172",20174,2014,2015,-1
"1173",20175,NA,NA,0
"1174",20176,NA,NA,0
"1175",20177,2007,2013,-6
"1176",20178,2013,2018,-5
"1177",20179,2010,NA,-20
"1178",20180,2006,2007,-1
"1179",20181,NA,NA,0
"1180",20182,2010,2018,-8
"1181",20183,2010,2015,-5
"1182",20184,2001,2001,0
"1183",20185,2006,2006,0
"1184",20186,NA,NA,0
"1185",20187,NA,NA,0
"1186",20188,2006,2007,-1
"1187",20189,NA,NA,0
"1188",20190,2002,2012,-10
"1189",20191,NA,NA,0
"1190",20192,NA,NA,0
"1191",20193,2009,2019,-10
"1192",20194,NA,NA,0
"1193",20195,NA,NA,0
"1194",20196,NA,NA,0
"1195",20197,2014,2016,-2
"1196",20198,2009,2009,0
"1197",20199,NA,NA,0
"1198",20200,NA,NA,0
"1199",20201,NA,NA,0
"1200",20202,2006,2008,-2
"1201",20203,2014,2017,-3
"1202",20204,2010,NA,-20
"1203",20205,2012,2013,-1
"1204",20206,2013,2013,0
"1205",20207,2005,2011,-6
"1206",20208,2002,2003,-1
"1207",20209,NA,NA,0
"1208",20210,NA,NA,0
"1209",20211,NA,NA,0
"1210",20212,2009,2013,-4
"1211",20213,2009,2009,0
"1212",20214,NA,NA,0
"1213",20215,NA,NA,0
"1214",20216,NA,NA,0
"1215",20217,NA,NA,0
"1216",20218,NA,NA,0
"1217",20219,2014,2019,-5
"1218",20220,2013,2017,-4
"1219",20221,NA,NA,0
"1220",20222,NA,NA,0
"1221",20223,2003,2003,0
"1222",20224,NA,NA,0
"1223",20225,2011,2011,0
"1224",20226,NA,NA,0
"1225",20227,2007,2008,-1
"1226",20228,NA,NA,0
"1227",20229,2007,2018,-11
"1228",20230,2014,NA,-20
"1229",20231,NA,NA,0
"1230",20232,1996,1996,0
"1231",20233,NA,NA,0
"1232",20234,NA,NA,0
"1233",20235,NA,NA,0
"1234",20236,NA,NA,0
"1235",20237,2012,2017,-5
"1236",20238,NA,NA,0
"1237",20239,NA,NA,0
"1238",20240,2005,2005,0
"1239",20241,2014,2016,-2
"1240",20242,NA,NA,0
"1241",20243,2010,2011,-1
"1242",20244,2013,2013,0
"1243",20245,2010,2018,-8
"1244",20246,NA,NA,0
"1245",20247,NA,NA,0
"1246",20248,2007,2008,-1
"1247",20249,NA,NA,0
"1248",20250,NA,NA,0
"1249",20251,2010,2015,-5
"1250",20252,NA,NA,0
"1251",20253,2009,2009,0
"1252",20254,NA,NA,0
"1253",20255,NA,NA,0
"1254",20256,2012,2016,-4
"1255",20257,NA,NA,0
"1256",20258,NA,NA,0
"1257",20259,2016,2017,-1
"1258",20260,NA,NA,0
"1259",20261,2010,2017,-7
"1260",20262,NA,NA,0
"1261",20263,NA,NA,0
"1262",20264,NA,NA,0
"1263",20265,2012,2012,0
"1264",20266,2005,2013,-8
"1265",20267,NA,NA,0
"1266",20268,2013,2016,-3
"1267",20269,NA,NA,0
"1268",20270,NA,NA,0
"1269",20271,NA,NA,0
"1270",20272,2007,2008,-1
"1271",20273,NA,NA,0
"1272",20274,NA,NA,0
"1273",20275,NA,NA,0
"1274",20276,NA,NA,0
"1275",20277,2007,2017,-10
"1276",20278,2005,2005,0
"1277",20279,2018,2018,0
"1278",20280,2010,2014,-4
"1279",20281,NA,NA,0
"1280",20282,NA,NA,0
"1281",20283,NA,NA,0
"1282",20284,NA,NA,0
"1283",20285,2006,2006,0
"1284",20286,NA,NA,0
"1285",20287,NA,NA,0
"1286",20288,NA,NA,0
"1287",20289,NA,NA,0
"1288",20290,2010,2018,-8
"1289",20291,NA,NA,0
"1290",20292,2019,NA,-20
"1291",20293,2010,2012,-2
"1292",20294,2013,2018,-5
"1293",20295,2007,2008,-1
"1294",20296,NA,NA,0
"1295",20297,NA,NA,0
"1296",20298,2010,2018,-8
"1297",20299,NA,NA,0
"1298",20300,2002,2002,0
"1299",20301,2012,2014,-2
"1300",20302,2007,2008,-1
"1301",20303,NA,NA,0
"1302",20304,NA,NA,0
"1303",20305,2009,2009,0
"1304",20306,2017,2017,0
"1305",20307,2006,2007,-1
"1306",20308,2000,2005,-5
"1307",20309,2007,2008,-1
"1308",20310,2007,2008,-1
"1309",20311,NA,NA,0
"1310",20312,2002,2003,-1
"1311",20313,NA,NA,0
"1312",20314,2006,2009,-3
"1313",20315,2014,2016,-2
"1314",20316,NA,NA,0
"1315",20317,NA,NA,0
"1316",20318,2002,2005,-3
"1317",20319,NA,NA,0
"1318",20320,NA,NA,0
"1319",20321,NA,NA,0
"1320",20322,NA,NA,0
"1321",20323,NA,NA,0
"1322",20324,2001,2001,0
"1323",20325,NA,NA,0
"1324",20326,2009,2018,-9
"1325",20327,2009,2010,-1
"1326",20328,NA,NA,0
"1327",20329,2019,NA,-20
"1328",20330,2009,2011,-2
"1329",20331,NA,NA,0
"1330",20332,NA,NA,0
"1331",20333,2009,2018,-9
"1332",20334,2002,2002,0
"1333",20335,2007,2008,-1
"1334",20336,2009,2015,-6
"1335",20337,2007,2019,-12
"1336",20338,2015,2017,-2
"1337",20339,NA,NA,0
"1338",20340,2014,2017,-3
"1339",20341,NA,NA,0
"1340",20342,2014,2016,-2
"1341",20343,2010,NA,-20
"1342",20344,NA,NA,0
"1343",20345,2005,2005,0
"1344",20346,NA,NA,0
"1345",20347,NA,NA,0
"1346",20348,NA,NA,0
"1347",20349,2019,NA,-20
"1348",20350,2006,2007,-1
"1349",20351,2019,NA,-20
"1350",20352,2014,2018,-4
"1351",20353,2019,NA,-20
"1352",20354,NA,NA,0
"1353",20355,NA,NA,0
"1354",20356,2019,NA,-20
"1355",20357,2005,NA,-20
"1356",20358,NA,NA,0
"1357",20359,NA,NA,0
"1358",20360,2012,2014,-2
"1359",20361,NA,NA,0
"1360",20362,NA,NA,0
"1361",20363,2014,2016,-2
"1362",20364,2009,2009,0
"1363",20365,2014,2017,-3
"1364",20366,NA,NA,0
"1365",20367,2006,2007,-1
"1366",20368,NA,NA,0
"1367",20369,2019,NA,-20
"1368",20370,NA,NA,0
"1369",20371,NA,NA,0
"1370",20372,NA,NA,0
"1371",20373,NA,NA,0
"1372",20374,NA,NA,0
"1373",20375,2007,2007,0
"1374",20376,NA,NA,0
"1375",20377,NA,NA,0
"1376",20378,2013,2013,0
"1377",20379,NA,NA,0
"1378",20380,NA,NA,0
"1379",20381,2010,2018,-8
"1380",20382,NA,NA,0
"1381",20383,NA,NA,0
"1382",20384,NA,NA,0
"1383",20385,2007,2007,0
"1384",20386,NA,NA,0
"1385",20387,2014,2014,0
"1386",20388,2013,2015,-2
"1387",20389,2019,NA,-20
"1388",20390,2006,2006,0
"1389",20391,NA,NA,0
"1390",20392,NA,NA,0
"1391",20393,2010,2014,-4
"1392",20394,2014,2017,-3
"1393",20395,NA,NA,0
"1394",20396,NA,NA,0
"1395",20397,NA,NA,0
"1396",20398,2019,2019,0
"1397",20399,2002,2008,-6
"1398",20400,NA,NA,0
"1399",20401,2002,2006,-4
"1400",20402,2009,2009,0
"1401",20403,2010,2013,-3
"1402",20404,NA,NA,0
"1403",20405,NA,NA,0
"1404",20406,2008,2009,-1
"1405",20407,2009,2009,0
"1406",20408,NA,NA,0
"1407",20409,2007,2008,-1
"1408",20410,NA,NA,0
"1409",20411,2014,NA,-20
"1410",20412,2018,2018,0
"1411",20413,2001,2001,0
"1412",20414,2006,2004,2
"1413",20415,2002,2002,0
"1414",20416,NA,NA,0
"1415",20417,2007,2007,0
"1416",20418,2004,2006,-2
"1417",20419,NA,NA,0
"1418",20420,NA,NA,0
"1419",20421,2007,2007,0
"1420",20422,NA,NA,0
"1421",20423,NA,NA,0
"1422",20424,NA,NA,0
"1423",20425,NA,NA,0
"1424",20426,NA,NA,0
"1425",20427,2007,2011,-4
"1426",20428,NA,NA,0
"1427",20429,NA,NA,0
"1428",20430,NA,NA,0
"1429",20431,2005,2012,-7
"1430",20432,NA,NA,0
"1431",20433,2012,2012,0
"1432",20434,NA,NA,0
"1433",20435,NA,NA,0
"1434",20436,2013,2016,-3
"1435",20437,NA,NA,0
"1436",20438,NA,NA,0
"1437",20439,2002,2002,0
"1438",20440,2009,2011,-2
"1439",20441,2007,2008,-1
"1440",20442,NA,NA,0
"1441",20443,NA,NA,0
"1442",20444,NA,NA,0
"1443",20445,NA,NA,0
"1444",20446,NA,NA,0
"1445",20447,2005,2006,-1
"1446",20448,NA,NA,0
"1447",20449,2013,2019,-6
"1448",20450,NA,NA,0
"1449",20451,NA,NA,0
"1450",20452,2014,2016,-2
"1451",20453,2001,2005,-4
"1452",20454,NA,NA,0
"1453",20455,2014,2018,-4
"1454",20456,2019,NA,-20
"1455",20457,2012,2014,-2
"1456",20458,2008,2017,-9
"1457",20459,2010,2011,-1
"1458",20460,2010,2014,-4
"1459",20461,NA,NA,0
"1460",20462,2002,2013,-11
"1461",20463,NA,NA,0
"1462",20464,NA,NA,0
"1463",20465,NA,NA,0
"1464",20466,2011,2014,-3
"1465",20467,2002,2002,0
"1466",20468,2007,2011,-4
"1467",20469,NA,NA,0
"1468",20470,2012,2013,-1
"1469",20471,NA,NA,0
"1470",20472,2009,2010,-1
"1471",20473,NA,NA,0
"1472",20474,2006,2006,0
"1473",20475,NA,NA,0
"1474",20476,NA,NA,0
"1475",20477,NA,NA,0
"1476",20478,NA,NA,0
"1477",20479,NA,NA,0
"1478",20480,NA,NA,0
"1479",20481,NA,NA,0
"1480",20482,2002,2002,0
"1481",20483,2011,2017,-6
"1482",20484,2010,2018,-8
"1483",20485,2013,2015,-2
"1484",20486,NA,NA,0
"1485",20487,NA,NA,0
"1486",20488,NA,NA,0
"1487",20489,2007,2007,0
"1488",20490,NA,NA,0
"1489",20491,NA,NA,0
"1490",20492,NA,NA,0
"1491",20493,NA,NA,0
"1492",20494,2013,2017,-4
"1493",20495,2002,2012,-10
"1494",20496,NA,NA,0
"1495",20497,NA,NA,0
"1496",20498,2007,2013,-6
"1497",20499,NA,NA,0
"1498",20500,NA,NA,0
"1499",20501,2010,NA,-20
"1500",20502,NA,NA,0
"1501",20503,NA,NA,0
"1502",20504,NA,NA,0
"1503",20505,2001,2007,-6
"1504",20506,NA,NA,0
"1505",20507,2013,2016,-3
"1506",20508,2012,2016,-4
"1507",20509,2006,2004,2
"1508",20510,NA,NA,0
"1509",20511,NA,NA,0
"1510",20512,NA,NA,0
"1511",20513,2002,2010,-8
"1512",20514,NA,NA,0
"1513",20515,2000,2004,-4
"1514",20516,2019,2019,0
"1515",20517,NA,NA,0
"1516",20518,NA,NA,0
"1517",20519,2014,2016,-2
"1518",20520,2008,2018,-10
"1519",20521,NA,NA,0
"1520",20522,NA,NA,0
"1521",20523,NA,NA,0
"1522",20524,NA,NA,0
"1523",20525,2005,2008,-3
"1524",20526,2006,2007,-1
"1525",20527,NA,NA,0
"1526",20528,NA,NA,0
"1527",20529,NA,NA,0
"1528",20530,2012,2015,-3
"1529",20531,2019,NA,-20
"1530",20532,NA,NA,0
"1531",20533,NA,NA,0
"1532",20534,NA,NA,0
"1533",20535,2013,2019,-6
"1534",20536,NA,NA,0
"1535",20537,2010,2019,-9
"1536",20538,NA,NA,0
"1537",20539,2013,2013,0
"1538",20540,NA,NA,0
"1539",20541,NA,NA,0
"1540",20542,2009,2011,-2
"1541",20543,2015,2015,0
"1542",20544,NA,NA,0
"1543",20545,2009,2011,-2
"1544",20546,NA,NA,0
"1545",20547,NA,NA,0
"1546",20548,NA,NA,0
"1547",20549,NA,NA,0
"1548",20550,2007,2014,-7
"1549",20551,2007,2017,-10
"1550",20552,NA,NA,0
"1551",20553,2009,2013,-4
"1552",20554,NA,NA,0
"1553",20555,2007,2008,-1
"1554",20556,NA,NA,0
"1555",20557,2001,2007,-6
"1556",20558,2013,2015,-2
"1557",20559,2001,2001,0
"1558",20560,2014,2019,-5
"1559",20561,NA,NA,0
"1560",20562,NA,NA,0
"1561",20563,NA,NA,0
"1562",20564,NA,NA,0
"1563",20565,2013,2014,-1
"1564",20566,2014,NA,-20
"1565",20567,2014,2016,-2
"1566",20568,NA,NA,0
"1567",20569,NA,NA,0
"1568",20570,2014,2018,-4
"1569",21001,NA,NA,0
"1570",21002,2009,2009,0
"1571",21003,2009,2011,-2
"1572",21004,NA,NA,0
"1573",21005,2009,2017,-8
"1574",21006,NA,NA,0
"1575",21007,2010,2013,-3
"1576",21008,NA,NA,0
"1577",21009,2014,2015,-1
"1578",21010,2009,2013,-4
"1579",21011,2009,2014,-5
"1580",21012,NA,NA,0
"1581",21013,2002,2004,-2
"1582",21014,NA,NA,0
"1583",21015,NA,NA,0
"1584",21016,NA,NA,0
"1585",21017,NA,NA,0
"1586",21018,NA,NA,0
"1587",21019,NA,NA,0
"1588",21020,NA,NA,0
"1589",21021,2006,2008,-2
"1590",21022,NA,NA,0
"1591",21023,NA,NA,0
"1592",21024,2015,2016,-1
"1593",21025,2009,2010,-1
"1594",21026,NA,NA,0
"1595",21027,2017,2017,0
"1596",21028,NA,NA,0
"1597",21029,2015,2016,-1
"1598",21030,NA,NA,0
"1599",21031,2010,2014,-4
"1600",21032,2009,2010,-1
"1601",21033,2010,2016,-6
"1602",21034,NA,NA,0
"1603",21035,2010,2010,0
"1604",21036,NA,NA,0
"1605",21037,NA,NA,0
"1606",21038,NA,NA,0
"1607",21039,NA,NA,0
"1608",21040,NA,NA,0
"1609",21041,NA,NA,0
"1610",21042,2010,2010,0
"1611",21043,2014,2014,0
"1612",21044,NA,NA,0
"1613",21045,NA,NA,0
"1614",21046,NA,NA,0
"1615",21047,2009,2009,0
"1616",21048,NA,NA,0
"1617",21049,NA,NA,0
"1618",21050,NA,NA,0
"1619",21051,2006,2007,-1
"1620",21052,2010,2016,-6
"1621",21053,NA,NA,0
"1622",21054,NA,NA,0
"1623",21055,2011,2014,-3
"1624",21056,2011,2014,-3
"1625",21057,NA,NA,0
"1626",21058,NA,NA,0
"1627",21059,2009,2010,-1
"1628",21060,NA,NA,0
"1629",21061,NA,NA,0
"1630",21062,2010,2010,0
"1631",21063,NA,NA,0
"1632",21064,2008,2008,0
"1633",21065,NA,NA,0
"1634",21066,NA,NA,0
"1635",21067,NA,NA,0
"1636",21068,2009,2014,-5
"1637",21069,2010,2011,-1
"1638",21070,NA,NA,0
"1639",21071,NA,NA,0
"1640",21072,2009,2012,-3
"1641",21073,2009,2010,-1
"1642",21074,NA,NA,0
"1643",21075,NA,NA,0
"1644",21076,2019,NA,-20
"1645",21077,NA,NA,0
"1646",21078,2014,NA,-20
"1647",21079,NA,NA,0
"1648",21080,NA,NA,0
"1649",21081,2009,2014,-5
"1650",21082,2019,NA,-20
"1651",21083,NA,NA,0
"1652",21084,NA,NA,0
"1653",21085,2006,2006,0
"1654",21086,2009,2009,0
"1655",21087,2009,2009,0
"1656",21088,2014,2016,-2
"1657",21089,2009,2011,-2
"1658",21090,NA,NA,0
"1659",21091,NA,NA,0
"1660",21092,NA,NA,0
"1661",21093,NA,NA,0
"1662",21094,NA,NA,0
"1663",21095,NA,NA,0
"1664",21096,NA,NA,0
"1665",21097,NA,NA,0
"1666",21098,NA,NA,0
"1667",21099,NA,NA,0
"1668",21100,NA,NA,0
"1669",21101,NA,NA,0
"1670",21102,NA,NA,0
"1671",21103,NA,NA,0
"1672",21104,NA,NA,0
"1673",21105,NA,NA,0
"1674",21106,NA,NA,0
"1675",21107,2009,2013,-4
"1676",21108,NA,NA,0
"1677",21109,NA,NA,0
"1678",21110,NA,NA,0
"1679",21111,1997,1997,0
"1680",21112,2009,2013,-4
"1681",21113,2006,2012,-6
"1682",21114,NA,NA,0
"1683",21115,NA,NA,0
"1684",21116,NA,NA,0
"1685",21117,NA,NA,0
"1686",21118,NA,NA,0
"1687",21119,NA,NA,0
"1688",21120,2017,2018,-1
"1689",21121,NA,NA,0
"1690",21122,NA,NA,0
"1691",21123,2015,2016,-1
"1692",21124,2009,2009,0
"1693",21125,NA,NA,0
"1694",21126,NA,NA,0
"1695",21127,2009,2012,-3
"1696",21128,NA,NA,0
"1697",21129,2009,2009,0
"1698",21130,NA,NA,0
"1699",21131,2019,NA,-20
"1700",21132,NA,NA,0
"1701",21133,2015,2016,-1
"1702",21134,NA,NA,0
"1703",21135,2012,2018,-6
"1704",21136,NA,NA,0
"1705",21137,NA,NA,0
"1706",21138,NA,NA,0
"1707",21139,2009,2012,-3
"1708",21140,NA,NA,0
"1709",21141,2009,2012,-3
"1710",21142,NA,NA,0
"1711",21143,NA,NA,0
"1712",21144,NA,NA,0
"1713",21145,2014,2016,-2
"1714",21146,NA,NA,0
"1715",21147,NA,NA,0
"1716",21148,NA,NA,0
"1717",21149,2019,NA,-20
"1718",21150,2011,2019,-8
"1719",21151,NA,NA,0
"1720",21152,NA,NA,0
"1721",21153,NA,NA,0
"1722",21154,NA,NA,0
"1723",21155,2012,2012,0
"1724",21156,2013,2015,-2
"1725",21157,2009,2009,0
"1726",21158,2012,2012,0
"1727",21159,2015,2018,-3
"1728",21160,2009,2009,0
"1729",21161,2019,NA,-20
"1730",21162,NA,NA,0
"1731",21163,NA,NA,0
"1732",21164,NA,NA,0
"1733",21165,NA,NA,0
"1734",21166,2010,2010,0
"1735",21167,NA,NA,0
"1736",21168,2010,2010,0
"1737",21169,2019,NA,-20
"1738",21170,NA,NA,0
"1739",21171,NA,NA,0
"1740",21172,NA,NA,0
"1741",21173,NA,NA,0
"1742",21174,NA,NA,0
"1743",21175,NA,NA,0
"1744",21176,2009,2009,0
"1745",21177,NA,NA,0
"1746",21178,2019,NA,-20
"1747",21179,NA,NA,0
"1748",21180,NA,NA,0
"1749",21181,NA,NA,0
"1750",21182,NA,NA,0
"1751",21183,2015,2017,-2
"1752",21184,NA,NA,0
"1753",21185,2010,2010,0
"1754",21186,NA,NA,0
"1755",21187,NA,NA,0
"1756",21188,NA,NA,0
"1757",21189,NA,NA,0
"1758",21190,2012,2014,-2
"1759",21191,2009,2013,-4
"1760",21192,2019,NA,-20
"1761",21193,NA,NA,0
"1762",21194,2009,2009,0
"1763",21195,NA,NA,0
"1764",21196,2009,2013,-4
"1765",21197,2007,2010,-3
"1766",21198,2015,2015,0
"1767",21199,NA,NA,0
"1768",21200,NA,NA,0
"1769",21201,2017,2017,0
"1770",21202,NA,NA,0
"1771",21203,NA,NA,0
"1772",21204,NA,NA,0
"1773",21205,NA,NA,0
"1774",21206,2010,2015,-5
"1775",21207,NA,NA,0
"1776",21208,NA,NA,0
"1777",21209,2019,NA,-20
"1778",21210,2010,2018,-8
"1779",21211,NA,NA,0
"1780",21212,NA,NA,0
"1781",21213,2019,2019,0
"1782",21214,2009,2009,0
"1783",21215,2014,NA,-20
"1784",21216,2014,2016,-2
"1785",21217,NA,NA,0
"1786",22001,NA,NA,0
"1787",22002,NA,NA,0
"1788",22003,2011,2019,-8
"1789",22004,NA,NA,0
"1790",22005,NA,NA,0
"1791",22006,NA,NA,0
"1792",22007,NA,NA,0
"1793",22008,NA,NA,0
"1794",22009,2009,NA,-20
"1795",22010,NA,NA,0
"1796",22011,NA,NA,0
"1797",22012,NA,NA,0
"1798",22013,NA,NA,0
"1799",22014,NA,NA,0
"1800",22015,NA,NA,0
"1801",22016,NA,NA,0
"1802",22017,NA,NA,0
"1803",22018,2017,NA,-20
"1804",23001,2006,2008,-2
"1805",23002,2005,2005,0
"1806",23003,2006,2007,-1
"1807",23004,2001,2004,-3
"1808",23005,2005,2006,-1
"1809",23006,2006,2005,1
"1810",23007,2007,2007,0
"1811",23008,2004,2007,-3
"1812",23009,2011,2011,0
"1813",24001,NA,NA,0
"1814",24002,NA,NA,0
"1815",24003,2009,2013,-4
"1816",24004,NA,NA,0
"1817",24005,2019,NA,-20
"1818",24006,NA,NA,0
"1819",24007,NA,NA,0
"1820",24008,2013,2018,-5
"1821",24009,NA,NA,0
"1822",24010,2013,2013,0
"1823",24011,2018,2018,0
"1824",24012,2009,2014,-5
"1825",24013,2008,2008,0
"1826",24014,2006,2015,-9
"1827",24015,NA,NA,0
"1828",24016,2009,2003,6
"1829",24017,2012,2017,-5
"1830",24018,2006,2017,-11
"1831",24019,2009,2018,-9
"1832",24020,NA,NA,0
"1833",24021,NA,NA,0
"1834",24022,NA,NA,0
"1835",24023,2014,2017,-3
"1836",24024,2013,2017,-4
"1837",24025,NA,NA,0
"1838",24026,2009,2018,-9
"1839",24027,2013,2018,-5
"1840",24028,2019,NA,-20
"1841",24029,2008,2012,-4
"1842",24030,2019,NA,-20
"1843",24031,2009,2019,-10
"1844",24032,2019,NA,-20
"1845",24033,NA,NA,0
"1846",24034,2007,2008,-1
"1847",24035,2019,NA,-20
"1848",24036,2010,2013,-3
"1849",24037,2009,2013,-4
"1850",24038,2009,2013,-4
"1851",24039,2009,2017,-8
"1852",24040,2006,2008,-2
"1853",24041,2006,2017,-11
"1854",24042,2009,2018,-9
"1855",24043,NA,NA,0
"1856",24044,2018,NA,-20
"1857",24045,NA,NA,0
"1858",24046,NA,NA,0
"1859",24047,NA,NA,0
"1860",24048,NA,NA,0
"1861",24049,NA,NA,0
"1862",24050,NA,NA,0
"1863",24051,NA,NA,0
"1864",24052,2019,2019,0
"1865",24053,2009,2014,-5
"1866",24054,2009,2015,-6
"1867",24055,NA,NA,0
"1868",24056,NA,NA,0
"1869",24057,2007,2014,-7
"1870",24058,2009,2011,-2
"1871",25001,2003,2003,0
"1872",25002,2003,2003,0
"1873",25003,2002,2003,-1
"1874",25004,2002,2003,-1
"1875",25005,2004,2004,0
"1876",25006,2002,2002,0
"1877",25007,2002,2003,-1
"1878",25008,2002,2002,0
"1879",25009,2009,2004,5
"1880",25010,2003,2002,1
"1881",25011,2003,2003,0
"1882",25012,2003,2003,0
"1883",25013,2013,2004,9
"1884",25014,2003,2003,0
"1885",25015,2009,2009,0
"1886",25016,2007,2004,3
"1887",25017,2003,2003,0
"1888",25018,2002,2003,-1
"1889",26001,2008,2008,0
"1890",26002,NA,NA,0
"1891",26003,2007,2003,4
"1892",26004,2010,2014,-4
"1893",26005,2014,2019,-5
"1894",26006,NA,NA,0
"1895",26007,2015,2018,-3
"1896",26008,NA,NA,0
"1897",26009,NA,NA,0
"1898",26010,NA,NA,0
"1899",26011,2004,2004,0
"1900",26012,2002,2002,0
"1901",26013,NA,NA,0
"1902",26014,NA,NA,0
"1903",26015,NA,NA,0
"1904",26016,NA,NA,0
"1905",26017,2014,2017,-3
"1906",26018,2009,2000,9
"1907",26019,NA,NA,0
"1908",26020,2003,2003,0
"1909",26021,2015,2019,-4
"1910",26022,NA,NA,0
"1911",26023,NA,NA,0
"1912",26024,NA,NA,0
"1913",26025,2003,2000,3
"1914",26026,2014,2015,-1
"1915",26027,NA,NA,0
"1916",26028,NA,NA,0
"1917",26029,2003,1999,4
"1918",26030,2002,1998,4
"1919",26031,NA,NA,0
"1920",26032,2015,2018,-3
"1921",26033,2003,2003,0
"1922",26034,2013,2019,-6
"1923",26035,NA,NA,0
"1924",26036,2014,2019,-5
"1925",26037,2015,2019,-4
"1926",26038,NA,NA,0
"1927",26039,NA,NA,0
"1928",26040,NA,NA,0
"1929",26041,NA,NA,0
"1930",26042,2009,2004,5
"1931",26043,NA,NA,0
"1932",26044,2011,2018,-7
"1933",26045,2010,2018,-8
"1934",26046,NA,NA,0
"1935",26047,2003,2003,0
"1936",26048,2014,2018,-4
"1937",26049,2003,2003,0
"1938",26050,2019,2019,0
"1939",26051,2014,2017,-3
"1940",26052,NA,NA,0
"1941",26053,NA,NA,0
"1942",26054,2014,2018,-4
"1943",26055,2014,2017,-3
"1944",26056,2010,2004,6
"1945",26057,2015,2019,-4
"1946",26058,2014,2019,-5
"1947",26059,NA,NA,0
"1948",26060,2014,2018,-4
"1949",26061,2015,2019,-4
"1950",26062,2003,2003,0
"1951",26063,NA,NA,0
"1952",26064,NA,NA,0
"1953",26065,NA,NA,0
"1954",26066,2002,2003,-1
"1955",26067,NA,NA,0
"1956",26068,2003,2003,0
"1957",26069,2010,2019,-9
"1958",26070,NA,NA,0
"1959",26071,2007,2004,3
"1960",26072,2010,2003,7
"1961",27001,2009,2014,-5
"1962",27002,2008,2005,3
"1963",27003,2009,2009,0
"1964",27004,2007,2007,0
"1965",27005,2009,2009,0
"1966",27006,2008,2008,0
"1967",27007,2005,2014,-9
"1968",27008,2009,2004,5
"1969",27009,2009,2009,0
"1970",27010,2009,2009,0
"1971",27011,2009,2010,-1
"1972",27012,2009,2009,0
"1973",27013,2007,2008,-1
"1974",27014,2008,2008,0
"1975",27015,2007,2008,-1
"1976",27016,2009,2009,0
"1977",27017,2001,2014,-13
"1978",28001,2005,2005,0
"1979",28002,2005,1998,7
"1980",28003,2005,1997,8
"1981",28004,2005,2006,-1
"1982",28005,NA,NA,0
"1983",28006,2013,2014,-1
"1984",28007,2007,2008,-1
"1985",28008,2005,2006,-1
"1986",28009,2008,2008,0
"1987",28010,2013,2013,0
"1988",28011,2005,2007,-2
"1989",28012,2005,1998,7
"1990",28013,2005,2005,0
"1991",28014,NA,NA,0
"1992",28015,2007,2007,0
"1993",28016,2007,2007,0
"1994",28017,2007,2010,-3
"1995",28018,2005,2006,-1
"1996",28019,2006,2006,0
"1997",28020,1996,1996,0
"1998",28021,2009,2003,6
"1999",28022,2005,2005,0
"2000",28023,2013,2015,-2
"2001",28024,NA,NA,0
"2002",28025,2007,2009,-2
"2003",28026,2013,2015,-2
"2004",28027,2007,2008,-1
"2005",28028,2013,2013,0
"2006",28029,2005,2008,-3
"2007",28030,2005,2005,0
"2008",28031,2010,2011,-1
"2009",28032,2005,2005,0
"2010",28033,2010,2010,0
"2011",28034,2007,2008,-1
"2012",28035,2005,2005,0
"2013",28036,2013,2013,0
"2014",28037,2005,2006,-1
"2015",28038,1996,1996,0
"2016",28039,2013,2013,0
"2017",28040,2005,2005,0
"2018",28041,2005,2005,0
"2019",28042,2012,2012,0
"2020",28043,2005,2006,-1
"2021",29001,NA,NA,0
"2022",29002,NA,NA,0
"2023",29003,NA,NA,0
"2024",29004,NA,NA,0
"2025",29005,NA,NA,0
"2026",29006,NA,NA,0
"2027",29007,NA,NA,0
"2028",29008,NA,NA,0
"2029",29009,NA,NA,0
"2030",29010,NA,NA,0
"2031",29011,NA,NA,0
"2032",29012,NA,NA,0
"2033",29013,NA,NA,0
"2034",29014,NA,NA,0
"2035",29015,NA,NA,0
"2036",29016,NA,NA,0
"2037",29017,NA,NA,0
"2038",29018,NA,NA,0
"2039",29019,NA,NA,0
"2040",29020,NA,NA,0
"2041",29021,NA,NA,0
"2042",29022,NA,NA,0
"2043",29023,NA,NA,0
"2044",29024,NA,NA,0
"2045",29025,NA,NA,0
"2046",29026,NA,NA,0
"2047",29027,NA,NA,0
"2048",29028,NA,NA,0
"2049",29029,NA,NA,0
"2050",29030,NA,NA,0
"2051",29031,NA,NA,0
"2052",29032,NA,NA,0
"2053",29033,NA,NA,0
"2054",29034,NA,NA,0
"2055",29035,NA,NA,0
"2056",29036,NA,NA,0
"2057",29037,NA,NA,0
"2058",29038,NA,NA,0
"2059",29039,NA,NA,0
"2060",29040,NA,NA,0
"2061",29041,NA,NA,0
"2062",29042,NA,NA,0
"2063",29043,NA,NA,0
"2064",29044,NA,NA,0
"2065",29045,NA,NA,0
"2066",29046,NA,NA,0
"2067",29047,NA,NA,0
"2068",29048,NA,NA,0
"2069",29049,NA,NA,0
"2070",29050,NA,NA,0
"2071",29051,NA,NA,0
"2072",29052,NA,NA,0
"2073",29053,NA,NA,0
"2074",29054,NA,NA,0
"2075",29055,NA,NA,0
"2076",29056,NA,NA,0
"2077",29057,NA,NA,0
"2078",29058,NA,NA,0
"2079",29059,NA,NA,0
"2080",29060,NA,NA,0
"2081",30001,2019,NA,-20
"2082",30002,2004,2005,-1
"2083",30003,2006,2004,2
"2084",30004,2004,2003,1
"2085",30005,2009,2011,-2
"2086",30006,2019,NA,-20
"2087",30007,2006,2007,-1
"2088",30008,NA,NA,0
"2089",30009,2006,2004,2
"2090",30010,NA,NA,0
"2091",30011,2004,1998,6
"2092",30012,2004,2004,0
"2093",30013,2008,2008,0
"2094",30014,2002,2004,-2
"2095",30015,2006,2004,2
"2096",30016,2002,1998,4
"2097",30017,2005,2005,0
"2098",30018,NA,NA,0
"2099",30019,NA,NA,0
"2100",30020,NA,NA,0
"2101",30021,2004,2005,-1
"2102",30022,2019,NA,-20
"2103",30023,2007,2008,-1
"2104",30024,2012,2014,-2
"2105",30025,NA,NA,0
"2106",30026,2019,NA,-20
"2107",30027,2008,2008,0
"2108",30028,2002,1997,5
"2109",30029,NA,NA,0
"2110",30030,2018,NA,-20
"2111",30031,2004,2004,0
"2112",30032,2000,2001,-1
"2113",30033,2005,2004,1
"2114",30034,2005,2005,0
"2115",30035,2005,2005,0
"2116",30036,2007,NA,-20
"2117",30037,2007,2011,-4
"2118",30038,2007,2008,-1
"2119",30039,1996,1996,0
"2120",30040,2004,2005,-1
"2121",30041,2018,NA,-20
"2122",30042,2003,2008,-5
"2123",30043,2004,2004,0
"2124",30044,2004,2005,-1
"2125",30045,2004,2003,1
"2126",30046,2007,2010,-3
"2127",30047,NA,NA,0
"2128",30048,2005,2003,2
"2129",30049,2004,2004,0
"2130",30050,2006,2008,-2
"2131",30051,2008,2011,-3
"2132",30052,2003,2005,-2
"2133",30053,2013,2013,0
"2134",30054,2007,2004,3
"2135",30055,2008,2008,0
"2136",30056,2012,2012,0
"2137",30057,NA,NA,0
"2138",30058,2006,2006,0
"2139",30059,2003,2004,-1
"2140",30060,2004,2004,0
"2141",30061,2007,2003,4
"2142",30062,2019,NA,-20
"2143",30063,2004,2004,0
"2144",30064,2007,2009,-2
"2145",30065,2007,2004,3
"2146",30066,2006,2008,-2
"2147",30067,2007,2009,-2
"2148",30068,2004,2004,0
"2149",30069,2007,2005,2
"2150",30070,2002,2004,-2
"2151",30071,2019,NA,-20
"2152",30072,NA,NA,0
"2153",30073,2003,2003,0
"2154",30074,2007,2016,-9
"2155",30075,2004,2004,0
"2156",30076,2015,2019,-4
"2157",30077,1996,1996,0
"2158",30078,2004,2005,-1
"2159",30079,NA,NA,0
"2160",30080,2007,2007,0
"2161",30081,2002,2005,-3
"2162",30082,2005,2004,1
"2163",30083,2006,2004,2
"2164",30084,2005,2005,0
"2165",30085,2007,2007,0
"2166",30086,NA,NA,0
"2167",30087,2007,2007,0
"2168",30088,2012,2012,0
"2169",30089,2001,2003,-2
"2170",30090,2005,2004,1
"2171",30091,2006,2006,0
"2172",30092,2019,NA,-20
"2173",30093,2004,2005,-1
"2174",30094,2007,2004,3
"2175",30095,2007,2008,-1
"2176",30096,NA,NA,0
"2177",30097,2004,2004,0
"2178",30098,NA,NA,0
"2179",30099,NA,NA,0
"2180",30100,2007,2005,2
"2181",30101,2013,2013,0
"2182",30102,2004,2004,0
"2183",30103,2008,2010,-2
"2184",30104,2003,2004,-1
"2185",30105,2003,2003,0
"2186",30106,2012,2017,-5
"2187",30107,NA,NA,0
"2188",30108,2006,2004,2
"2189",30109,2003,2005,-2
"2190",30110,NA,NA,0
"2191",30111,1996,1996,0
"2192",30112,2019,NA,-20
"2193",30113,2004,2005,-1
"2194",30114,2004,2006,-2
"2195",30115,2007,2015,-8
"2196",30116,2004,2004,0
"2197",30117,2004,2005,-1
"2198",30118,2007,2014,-7
"2199",30119,2004,2004,0
"2200",30120,2001,2004,-3
"2201",30121,1996,1996,0
"2202",30122,2006,2005,1
"2203",30123,2007,1999,8
"2204",30124,2006,2004,2
"2205",30125,2004,2004,0
"2206",30126,2002,1999,3
"2207",30127,NA,NA,0
"2208",30128,NA,NA,0
"2209",30129,2008,2008,0
"2210",30130,2003,2003,0
"2211",30131,2004,2004,0
"2212",30132,NA,NA,0
"2213",30133,2006,1998,8
"2214",30134,2005,2000,5
"2215",30135,2012,2015,-3
"2216",30136,2019,NA,-20
"2217",30137,NA,NA,0
"2218",30138,2007,2015,-8
"2219",30139,2007,2005,2
"2220",30140,2018,NA,-20
"2221",30141,2000,2000,0
"2222",30142,2006,2004,2
"2223",30143,2004,2004,0
"2224",30144,2006,2004,2
"2225",30145,2004,2004,0
"2226",30146,2006,2007,-1
"2227",30147,2007,2017,-10
"2228",30148,2003,2000,3
"2229",30149,2005,2005,0
"2230",30150,2005,2005,0
"2231",30151,2008,2008,0
"2232",30152,2012,1997,15
"2233",30153,2008,2008,0
"2234",30154,2004,2004,0
"2235",30155,2008,2008,0
"2236",30156,NA,NA,0
"2237",30157,2006,2006,0
"2238",30158,2004,2005,-1
"2239",30159,NA,NA,0
"2240",30160,2006,2004,2
"2241",30161,2008,2004,4
"2242",30162,NA,NA,0
"2243",30163,NA,NA,0
"2244",30164,2006,2009,-3
"2245",30165,2013,2016,-3
"2246",30166,2019,NA,-20
"2247",30167,2005,2005,0
"2248",30168,NA,NA,0
"2249",30169,2001,2001,0
"2250",30170,NA,NA,0
"2251",30171,2005,2007,-2
"2252",30172,2006,2004,2
"2253",30173,2007,2007,0
"2254",30174,2004,2004,0
"2255",30175,2004,2004,0
"2256",30176,2007,2008,-1
"2257",30177,2005,NA,-20
"2258",30178,2004,2004,0
"2259",30179,NA,NA,0
"2260",30180,2019,NA,-20
"2261",30181,2004,2003,1
"2262",30182,NA,NA,0
"2263",30183,2007,2007,0
"2264",30184,NA,NA,0
"2265",30185,2013,2016,-3
"2266",30186,2019,NA,-20
"2267",30187,NA,NA,0
"2268",30188,2004,2006,-2
"2269",30189,2003,2003,0
"2270",30190,2009,2009,0
"2271",30191,2004,2003,1
"2272",30192,2007,2007,0
"2273",30193,1996,1996,0
"2274",30194,2006,2009,-3
"2275",30195,NA,NA,0
"2276",30196,2004,2005,-1
"2277",30197,2004,2007,-3
"2278",30198,NA,NA,0
"2279",30199,2005,2004,1
"2280",30200,2004,2004,0
"2281",30201,2019,NA,-20
"2282",30202,2017,NA,-20
"2283",30203,2007,2009,-2
"2284",30204,2000,2000,0
"2285",30205,2005,2004,1
"2286",30206,2001,2002,-1
"2287",30207,1996,1996,0
"2288",30208,2007,2004,3
"2289",30209,2006,2005,1
"2290",30210,2006,2005,1
"2291",30211,2006,2005,1
"2292",30212,NA,NA,0
"2293",31001,2002,2005,-3
"2294",31002,2008,2006,2
"2295",31003,2002,2007,-5
"2296",31004,2002,2005,-3
"2297",31005,2007,2008,-1
"2298",31006,2004,2006,-2
"2299",31007,2006,2006,0
"2300",31008,2002,2007,-5
"2301",31009,2007,2006,1
"2302",31010,2011,2011,0
"2303",31011,2009,2011,-2
"2304",31012,2009,2009,0
"2305",31013,2010,2006,4
"2306",31014,2002,2009,-7
"2307",31015,2009,2009,0
"2308",31016,2011,2011,0
"2309",31017,2007,2008,-1
"2310",31018,2001,2008,-7
"2311",31019,2007,2007,0
"2312",31020,2009,2009,0
"2313",31021,2007,2007,0
"2314",31022,2010,2010,0
"2315",31023,2010,2006,4
"2316",31024,2010,2010,0
"2317",31025,2007,2008,-1
"2318",31026,2004,2005,-1
"2319",31027,2007,2007,0
"2320",31028,2007,2008,-1
"2321",31029,2007,2007,0
"2322",31030,2006,2008,-2
"2323",31031,2002,2007,-5
"2324",31032,2004,2007,-3
"2325",31033,2002,2007,-5
"2326",31034,2006,2007,-1
"2327",31035,2009,2009,0
"2328",31036,2009,2009,0
"2329",31037,2005,2007,-2
"2330",31038,1997,1997,0
"2331",31039,2001,2005,-4
"2332",31040,2002,2005,-3
"2333",31041,2009,2005,4
"2334",31042,2009,2006,3
"2335",31043,2007,2009,-2
"2336",31044,2007,2007,0
"2337",31045,2001,2010,-9
"2338",31046,2011,2011,0
"2339",31047,2002,2007,-5
"2340",31048,2002,2006,-4
"2341",31049,2012,2012,0
"2342",31050,2002,2004,-2
"2343",31051,2007,2007,0
"2344",31052,1996,1996,0
"2345",31053,2001,2006,-5
"2346",31054,2009,2009,0
"2347",31055,2002,2006,-4
"2348",31056,2002,2006,-4
"2349",31057,2002,2006,-4
"2350",31058,2001,2006,-5
"2351",31059,2006,2006,0
"2352",31060,2010,2010,0
"2353",31061,2002,2007,-5
"2354",31062,2007,2007,0
"2355",31063,2006,2006,0
"2356",31064,2011,2011,0
"2357",31065,2007,2007,0
"2358",31066,2001,2007,-6
"2359",31067,2009,2006,3
"2360",31068,2009,2009,0
"2361",31069,2002,2007,-5
"2362",31070,2002,2007,-5
"2363",31071,2011,2011,0
"2364",31072,2009,2009,0
"2365",31073,2002,2007,-5
"2366",31074,2003,2006,-3
"2367",31075,2001,2007,-6
"2368",31076,2005,2006,-1
"2369",31077,2009,2009,0
"2370",31078,2009,2006,3
"2371",31079,2001,2006,-5
"2372",31080,2006,2006,0
"2373",31081,2006,2008,-2
"2374",31082,2009,2006,3
"2375",31083,2011,2012,-1
"2376",31084,2009,2009,0
"2377",31085,2002,2007,-5
"2378",31086,2011,2011,0
"2379",31087,2003,2005,-2
"2380",31088,2006,2010,-4
"2381",31089,2001,2007,-6
"2382",31090,2011,2006,5
"2383",31091,2002,2007,-5
"2384",31092,2006,2007,-1
"2385",31093,2003,2005,-2
"2386",31094,2001,2008,-7
"2387",31095,2002,2005,-3
"2388",31096,2001,2006,-5
"2389",31097,2006,2006,0
"2390",31098,2002,2006,-4
"2391",31099,2009,2009,0
"2392",31100,2002,2005,-3
"2393",31101,2002,2003,-1
"2394",31102,2002,2006,-4
"2395",31103,2009,2009,0
"2396",31104,2002,2007,-5
"2397",31105,2009,2009,0
"2398",31106,2010,2010,0
"2399",32001,2015,2019,-4
"2400",32002,NA,NA,0
"2401",32003,NA,NA,0
"2402",32004,NA,NA,0
"2403",32005,NA,NA,0
"2404",32006,NA,NA,0
"2405",32007,NA,NA,0
"2406",32008,NA,NA,0
"2407",32009,NA,NA,0
"2408",32010,NA,NA,0
"2409",32011,NA,NA,0
"2410",32012,NA,NA,0
"2411",32013,NA,NA,0
"2412",32014,NA,NA,0
"2413",32015,NA,NA,0
"2414",32016,NA,NA,0
"2415",32017,NA,NA,0
"2416",32018,2015,NA,-20
"2417",32019,2015,NA,-20
"2418",32020,NA,NA,0
"2419",32021,NA,NA,0
"2420",32022,NA,NA,0
"2421",32023,2015,2019,-4
"2422",32024,NA,NA,0
"2423",32025,NA,NA,0
"2424",32026,NA,NA,0
"2425",32027,NA,NA,0
"2426",32028,NA,NA,0
"2427",32029,NA,NA,0
"2428",32030,NA,NA,0
"2429",32031,NA,NA,0
"2430",32032,NA,NA,0
"2431",32033,2015,2018,-3
"2432",32034,NA,NA,0
"2433",32035,NA,NA,0
"2434",32036,NA,NA,0
"2435",32037,NA,NA,0
"2436",32038,NA,NA,0
"2437",32039,NA,NA,0
"2438",32040,NA,NA,0
"2439",32041,NA,NA,0
"2440",32042,NA,NA,0
"2441",32043,NA,NA,0
"2442",32044,2012,NA,-20
"2443",32045,NA,NA,0
"2444",32046,NA,NA,0
"2445",32047,NA,NA,0
"2446",32048,NA,NA,0
"2447",32049,NA,NA,0
"2448",32050,NA,NA,0
"2449",32051,NA,NA,0
"2450",32052,NA,NA,0
"2451",32053,NA,NA,0
"2452",32054,NA,NA,0
"2453",32055,NA,NA,0
"2454",32056,NA,NA,0
"2455",32057,NA,NA,0
"2456",32058,2015,NA,-20
